car_id,brand,model,variant,body_type,year,price,fuel_type,mileage,transmission,seating_capacity,engine_cc,power_hp,torque_nm,safety_rating,safety_features,comfort_features,ground_clearance_mm,boot_space_liters,maintenance_cost_annual,warranty_years,colors_available,resale_value_3yr_percent,resale_value_5yr_percent,city_suitability_score,highway_suitability_score,mileage_score,performance_score,safety_score,comfort_score
1,Hyundai,Grand i10 Nios,VX,hatchback,2024,608967,Petrol,13.7,Manual,7,1200,87,105,3,"Dual Airbags, ABS, EBD, Rear Parking Sensors","Power Windows, Central Locking, AC, Power Steering",177,300,20899,5,8,58.3,48.8,9.6,6.0,4.6,4.3,6,8.0
2,Toyota,Fortuner,LX,suv,2024,1625808,Diesel,20.0,Manual,7,2000,144,198,5,"6 Airbags, ABS, EBD, ESP, 360 Camera, Hill Hold Control, TPMS","Power Windows, Central Locking, Climate Control, Power Steering, Touchscreen Infotainment",204,220,50466,5,7,63.7,50.6,6.1,8.5,6.7,7.2,10,10.0
3,Honda,Jazz,Mid,hatchback,2022,899937,Petrol,17.4,Manual,5,1000,73,102,5,"Dual Airbags, ABS, EBD, Rear Parking Sensors","Power Windows, Central Locking, AC, Power Steering",177,312,20939,4,10,65.3,43.3,8.6,7.5,5.8,3.6,10,8.0
4,Maruti Suzuki,Dzire,ZX,sedan,2025,2326300,Petrol,12.8,DCT,5,1200,111,146,5,"6 Airbags, ABS, EBD, ESP, 360 Camera, ADAS, Hill Hold Control, TPMS, Electronic Stability Control","Dual Zone Climate Control, 10-inch Touchscreen, Wireless Charging, Ventilated Seats, Panoramic Sunroof, Premium Sound System",179,436,58849,3,9,63.1,51.2,7.9,8.2,4.3,5.6,10,12.0
5,Hyundai,i10,Top,hatchback,2022,1095465,Petrol,21.5,Automatic,7,1000,84,115,4,"6 Airbags, ABS, EBD, ESP, 360 Camera, Hill Hold Control, TPMS","Power Windows, Central Locking, Climate Control, Power Steering, Touchscreen Infotainment",163,387,38360,5,5,59.4,42.4,8.0,7.4,7.2,4.2,8,10.0
6,Honda,Amaze,VX,sedan,2024,1126550,CNG,21.8,Automatic,5,1600,80,110,4,"6 Airbags, ABS, EBD, ESP, Rear Parking Sensors, Hill Hold Control","Automatic Climate Control, Touchscreen Infotainment, Wireless Charging, Cruise Control, Sunroof",190,478,27926,3,5,56.3,47.3,7.1,8.5,7.3,4.0,8,10.0
7,Tata,Tigor,Alpha,sedan,2023,2007968,Petrol,18.3,CVT,5,1600,92,130,4,"6 Airbags, ABS, EBD, ESP, 360 Camera, ADAS, Hill Hold Control, TPMS, Electronic Stability Control","Dual Zone Climate Control, 10-inch Touchscreen, Wireless Charging, Ventilated Seats, Panoramic Sunroof, Premium Sound System",186,495,57753,5,5,58.7,41.0,7.0,8.1,6.1,4.6,8,12.0
8,Maruti Suzuki,WagonR,Base,hatchback,2020,746479,Petrol,22.9,Automatic,5,800,77,107,4,"Dual Airbags, ABS, EBD, Rear Parking Sensors","Power Windows, Central Locking, Climate Control, Power Steering, Touchscreen Infotainment",167,371,26985,3,5,64.9,45.3,8.8,7.7,7.6,3.9,8,10.0
9,Maruti Suzuki,Alto,EX,hatchback,2020,643220,Petrol,21.6,Manual,5,800,94,125,4,"6 Airbags, ABS, EBD, ESP, Rear Parking Sensors, Hill Hold Control","Power Windows, Central Locking, Climate Control, Power Steering, Touchscreen Infotainment",167,269,18565,5,5,64.8,48.1,8.0,6.2,7.2,4.7,8,10.0
10,Kia,Carens,LX,mpv,2024,889944,CNG,22.0,Manual,8,2200,136,180,5,"6 Airbags, ABS, EBD, ESP, Rear Parking Sensors, Hill Hold Control","Power Windows, Central Locking, AC, Power Steering",171,275,21673,3,10,63.1,51.2,6.1,9.2,7.3,6.8,10,8.0
11,Maruti Suzuki,Swift,Mid,hatchback,2021,743623,Petrol,20.1,Manual,5,1200,75,103,3,"Dual Airbags, ABS, EBD, Rear Parking Sensors","Power Windows, Central Locking, Climate Control, Power Steering, Touchscreen Infotainment",178,394,22647,4,10,65.7,43.6,8.8,7.3,6.7,3.8,6,10.0
12,Toyota,Glanza,SX,hatchback,2025,605804,Petrol,18.8,Automatic,5,800,92,117,5,"Dual Airbags, ABS, EBD, Rear Parking Sensors","Power Windows, Central Locking, AC, Power Steering",171,322,14027,5,7,64.2,54.8,9.3,6.0,6.3,4.6,10,8.0
13,Renault,Kiger,Top,suv,2020,3206955,CNG,23.3,CVT,5,2000,164,220,5,"6 Airbags, ABS, EBD, ESP, 360 Camera, ADAS, Hill Hold Control, TPMS, Electronic Stability Control","Dual Zone Climate Control, 10-inch Touchscreen, Wireless Charging, Ventilated Seats, Panoramic Sunroof, Premium Sound System",183,223,104821,4,5,60.0,42.0,8.0,8.3,7.8,8.2,10,12.0
14,MG,Hector Plus,Mid,mpv,2025,1638954,Petrol,22.6,Manual,7,2500,170,211,3,"6 Airbags, ABS, EBD, ESP, 360 Camera, Hill Hold Control, TPMS","Automatic Climate Control, Touchscreen Infotainment, Wireless Charging, Cruise Control, Sunroof",190,210,62245,3,6,65.0,45.3,7.1,9.7,7.5,8.5,6,10.0
15,Maruti Suzuki,Ciaz,EX,sedan,2021,1033365,CNG,23.2,AMT,5,1200,110,139,5,"6 Airbags, ABS, EBD, ESP, 360 Camera, Hill Hold Control, TPMS","Automatic Climate Control, Touchscreen Infotainment, Wireless Charging, Cruise Control, Sunroof",174,458,25274,5,8,59.9,53.0,8.9,7.6,7.7,5.5,10,10.0
16,Renault,Triber,Base,mpv,2021,1548967,Petrol,23.6,Manual,8,1500,176,234,5,"6 Airbags, ABS, EBD, ESP, 360 Camera, Hill Hold Control, TPMS","Automatic Climate Control, Touchscreen Infotainment, Wireless Charging, Cruise Control, Sunroof",184,330,34561,5,7,55.7,46.5,7.0,9.6,7.9,8.8,10,10.0
17,Mahindra,Scorpio N,Mid,suv,2025,3833312,Diesel,27.0,Manual,5,2500,139,194,4,"6 Airbags, ABS, EBD, ESP, 360 Camera, ADAS, Hill Hold Control, TPMS, Electronic Stability Control","Dual Zone Climate Control, 10-inch Touchscreen, Wireless Charging, Ventilated Seats, Panoramic Sunroof, Premium Sound System",198,341,86424,4,8,65.2,53.5,7.2,8.6,9.0,6.9,8,12.0
18,Renault,Kwid,VX,hatchback,2022,885482,Petrol,21.4,AMT,5,1000,73,98,5,"Dual Airbags, ABS, EBD, Rear Parking Sensors","Power Windows, Central Locking, AC, Power Steering",169,381,29466,5,5,67.3,51.3,9.3,6.4,7.1,3.6,10,8.0
19,Maruti Suzuki,Swift,SX,hatchback,2024,1053045,Petrol,21.2,Automatic,5,800,84,113,4,"6 Airbags, ABS, EBD, ESP, Rear Parking Sensors, Hill Hold Control","Power Windows, Central Locking, Climate Control, Power Steering, Touchscreen Infotainment",173,306,24765,5,8,55.8,43.7,9.7,6.9,7.1,4.2,8,10.0
20,MG,Hector,Alpha,suv,2020,6320506,Diesel,26.8,DCT,7,1600,181,232,5,"6 Airbags, ABS, EBD, ESP, 360 Camera, ADAS, Hill Hold Control, TPMS, Electronic Stability Control","Dual Zone Climate Control, 10-inch Touchscreen, Wireless Charging, Ventilated Seats, Panoramic Sunroof, Premium Sound System",211,360,156653,4,10,59.3,44.1,6.6,9.1,8.9,9.1,10,12.0
21,Tata,Tigor,EX,sedan,2024,918371,Petrol,20.5,AMT,5,1500,101,137,4,"Dual Airbags, ABS, EBD, Rear Parking Sensors","Power Windows, Central Locking, Climate Control, Power Steering, Touchscreen Infotainment",177,549,35744,3,8,62.2,54.1,7.6,7.8,6.8,5.0,8,10.0
22,MG,Comet EV,ZX,hatchback,2025,1499598,Electric,433.8,Automatic,5,0,199,293,5,"6 Airbags, ABS, EBD, ESP, Rear Parking Sensors, Hill Hold Control","Automatic Climate Control, Touchscreen Infotainment, Wireless Charging, Cruise Control, Sunroof",178,394,49876,3,8,57.0,46.9,8.1,6.8,10.0,9.9,10,10.0
23,Mahindra,Marazzo,ZX,mpv,2020,3338622,Petrol,16.5,Automatic,8,2200,102,145,3,"6 Airbags, ABS, EBD, ESP, 360 Camera, ADAS, Hill Hold Control, TPMS, Electronic Stability Control","Dual Zone Climate Control, 10-inch Touchscreen, Wireless Charging, Ventilated Seats, Panoramic Sunroof, Premium Sound System",176,257,110184,5,5,69.2,43.0,6.0,8.3,5.5,5.1,6,12.0
24,Hyundai,Verna,VX,sedan,2025,1008230,Petrol,14.0,Manual,5,1500,86,118,5,"6 Airbags, ABS, EBD, ESP, 360 Camera, Hill Hold Control, TPMS","Automatic Climate Control, Touchscreen Infotainment, Wireless Charging, Cruise Control, Sunroof",187,450,21697,5,6,56.5,51.6,8.7,8.2,4.7,4.3,10,10.0
25,Hyundai,i20,Alpha,hatchback,2022,1256226,Petrol,16.4,Automatic,5,1000,91,112,5,"6 Airbags, ABS, EBD, ESP, 360 Camera, Hill Hold Control, TPMS","Power Windows, Central Locking, Climate Control, Power Steering, Touchscreen Infotainment",173,295,43560,5,9,67.1,48.1,9.0,6.9,5.5,4.5,10,10.0
26,Nissan,Magnite,LX,suv,2022,4929761,Diesel,17.0,AMT,5,2500,178,249,4,"6 Airbags, ABS, EBD, ESP, 360 Camera, ADAS, Hill Hold Control, TPMS, Electronic Stability Control","Dual Zone Climate Control, 10-inch Touchscreen, Wireless Charging, Ventilated Seats, Panoramic Sunroof, Premium Sound System",211,283,116523,3,7,60.1,53.2,7.4,8.6,5.7,8.9,8,12.0
27,Maruti Suzuki,Dzire,LX,sedan,2022,1214394,Petrol,17.9,AMT,5,1600,111,148,3,"6 Airbags, ABS, EBD, ESP, 360 Camera, Hill Hold Control, TPMS","Power Windows, Central Locking, Climate Control, Power Steering, Touchscreen Infotainment",177,462,31724,5,8,63.3,45.2,9.0,8.1,6.0,5.6,6,10.0
28,Toyota,Innova Hycross,VX,mpv,2024,1567280,Hybrid,22.5,Manual,7,1500,195,265,5,"6 Airbags, ABS, EBD, ESP, Rear Parking Sensors, Hill Hold Control","Power Windows, Central Locking, Climate Control, Power Steering, Touchscreen Infotainment",171,389,46523,5,9,64.0,54.7,7.7,8.6,7.5,9.8,10,10.0
29,Honda,Jazz,VX,hatchback,2020,847592,Petrol,12.7,AMT,5,800,60,82,4,"6 Airbags, ABS, EBD, ESP, Rear Parking Sensors, Hill Hold Control","Power Windows, Central Locking, Climate Control, Power Steering, Touchscreen Infotainment",165,263,21231,4,5,61.0,41.1,9.3,6.1,4.2,3.0,8,10.0
30,Tata,Punch,LX,suv,2024,2852520,Petrol,19.3,AMT,7,2200,156,201,4,"6 Airbags, ABS, EBD, ESP, 360 Camera, ADAS, Hill Hold Control, TPMS, Electronic Stability Control","Dual Zone Climate Control, 10-inch Touchscreen, Wireless Charging, Ventilated Seats, Panoramic Sunroof, Premium Sound System",207,278,89490,3,10,56.5,51.4,7.3,8.5,6.4,7.8,8,12.0
31,Hyundai,Aura,Top,sedan,2022,1893739,Petrol,13.9,Manual,5,1600,118,158,3,"6 Airbags, ABS, EBD, ESP, 360 Camera, Hill Hold Control, TPMS","Automatic Climate Control, Touchscreen Infotainment, Wireless Charging, Cruise Control, Sunroof",187,516,40570,3,10,63.8,52.1,7.4,7.2,4.6,5.9,6,10.0
32,Honda,Amaze,Base,sedan,2024,1793713,Petrol,15.7,Manual,5,1500,87,116,4,"6 Airbags, ABS, EBD, ESP, 360 Camera, Hill Hold Control, TPMS","Automatic Climate Control, Touchscreen Infotainment, Wireless Charging, Cruise Control, Sunroof",181,538,53588,3,5,68.3,51.0,8.2,7.1,5.2,4.3,8,10.0
33,Honda,Jazz,SX,hatchback,2021,830001,Petrol,17.3,Automatic,5,1000,100,144,5,"6 Airbags, ABS, EBD, ESP, Rear Parking Sensors, Hill Hold Control","Power Windows, Central Locking, Climate Control, Power Steering, Touchscreen Infotainment",173,335,21929,3,7,61.2,47.4,9.3,6.8,5.8,5.0,10,10.0
34,Renault,Kwid,Mid,hatchback,2022,947379,Petrol,15.9,Manual,7,1200,94,125,3,"6 Airbags, ABS, EBD, ESP, Rear Parking Sensors, Hill Hold Control","Power Windows, Central Locking, Climate Control, Power Steering, Touchscreen Infotainment",180,363,33347,3,9,57.0,44.3,9.8,7.0,5.3,4.7,6,10.0
35,Maruti Suzuki,Dzire,VX,sedan,2023,954567,Petrol,18.6,Manual,5,1200,109,161,4,"Dual Airbags, ABS, EBD, Rear Parking Sensors","Power Windows, Central Locking, Climate Control, Power Steering, Touchscreen Infotainment",187,474,28806,4,8,69.7,43.7,8.1,7.8,6.2,5.5,8,10.0
36,Hyundai,Tucson,ZX,suv,2024,937973,Diesel,22.1,DCT,5,2500,174,260,4,"Dual Airbags, ABS, EBD, Rear Parking Sensors","Power Windows, Central Locking, Climate Control, Power Steering, Touchscreen Infotainment",214,323,25233,5,8,61.8,44.8,6.4,9.4,7.4,8.7,8,10.0
37,Mahindra,Marazzo,ZX,mpv,2020,3118698,Petrol,20.5,CVT,8,2200,104,128,5,"6 Airbags, ABS, EBD, ESP, 360 Camera, ADAS, Hill Hold Control, TPMS, Electronic Stability Control","Dual Zone Climate Control, 10-inch Touchscreen, Wireless Charging, Ventilated Seats, Panoramic Sunroof, Premium Sound System",175,225,116900,4,9,68.7,40.2,6.3,9.7,6.8,5.2,10,12.0
38,Tata,Altroz,VX,hatchback,2021,581059,Petrol,20.3,Automatic,5,1000,80,111,5,"Dual Airbags, ABS, EBD","Power Windows, Central Locking",175,388,12038,3,10,65.3,44.3,8.5,6.2,6.8,4.0,10,4.0
39,Hyundai,i20,Top,hatchback,2021,582692,Petrol,22.8,Automatic,5,1000,82,107,3,"Dual Airbags, ABS, EBD","Power Windows, Central Locking",176,355,18249,3,6,56.2,53.1,9.2,6.5,7.6,4.1,6,4.0
40,Mahindra,Marazzo,SX,mpv,2025,3301695,Petrol,12.1,Automatic,8,1600,109,145,4,"6 Airbags, ABS, EBD, ESP, 360 Camera, ADAS, Hill Hold Control, TPMS, Electronic Stability Control","Dual Zone Climate Control, 10-inch Touchscreen, Wireless Charging, Ventilated Seats, Panoramic Sunroof, Premium Sound System",183,276,108225,4,7,61.9,44.5,8.0,9.7,4.0,5.5,8,12.0
41,Hyundai,Verna,ZX,sedan,2021,1584885,Petrol,23.9,Automatic,5,1600,105,134,4,"6 Airbags, ABS, EBD, ESP, Rear Parking Sensors, Hill Hold Control","Automatic Climate Control, Touchscreen Infotainment, Wireless Charging, Cruise Control, Sunroof",174,458,50940,4,10,57.9,43.8,8.5,8.5,8.0,5.2,8,10.0
42,Tata,Tiago,VX,hatchback,2022,939100,Petrol,12.4,Manual,5,1000,80,113,3,"Dual Airbags, ABS, EBD, Rear Parking Sensors","Power Windows, Central Locking, Climate Control, Power Steering, Touchscreen Infotainment",176,378,35939,3,8,69.5,44.4,9.7,7.6,4.1,4.0,6,10.0
43,MG,Comet EV,LX,hatchback,2022,1257741,Electric,472.0,Automatic,7,0,173,212,4,"6 Airbags, ABS, EBD, ESP, 360 Camera, Hill Hold Control, TPMS","Power Windows, Central Locking, Climate Control, Power Steering, Touchscreen Infotainment",174,344,42079,5,9,60.7,49.6,8.7,7.3,10.0,8.7,8,10.0
44,MG,Comet EV,LX,hatchback,2021,1365700,Electric,429.5,Automatic,5,0,246,325,3,"6 Airbags, ABS, EBD, ESP, Rear Parking Sensors, Hill Hold Control","Automatic Climate Control, Touchscreen Infotainment, Wireless Charging, Cruise Control, Sunroof",175,279,29968,5,8,61.8,50.1,9.5,7.9,10.0,10.0,6,10.0
45,MG,Hector Plus,Base,mpv,2021,2665189,Petrol,14.6,Manual,7,1500,187,245,5,"6 Airbags, ABS, EBD, ESP, 360 Camera, ADAS, Hill Hold Control, TPMS, Electronic Stability Control","Dual Zone Climate Control, 10-inch Touchscreen, Wireless Charging, Ventilated Seats, Panoramic Sunroof, Premium Sound System",185,291,56531,4,5,69.2,52.4,6.2,8.4,4.9,9.4,10,12.0
46,Nissan,Magnite,ZX,hatchback,2021,1289602,Petrol,13.5,Automatic,5,1200,73,100,5,"6 Airbags, ABS, EBD, ESP, Rear Parking Sensors, Hill Hold Control","Automatic Climate Control, Touchscreen Infotainment, Wireless Charging, Cruise Control, Sunroof",164,250,32943,3,9,58.8,42.6,9.3,6.1,4.5,3.6,10,10.0
47,Maruti Suzuki,Grand Vitara,ZX,suv,2024,5500654,Petrol,13.5,Automatic,7,1500,160,213,4,"6 Airbags, ABS, EBD, ESP, 360 Camera, ADAS, Hill Hold Control, TPMS, Electronic Stability Control","Dual Zone Climate Control, 10-inch Touchscreen, Wireless Charging, Ventilated Seats, Panoramic Sunroof, Premium Sound System",217,227,159739,3,5,65.9,53.6,7.3,8.6,4.5,8.0,8,12.0
48,Maruti Suzuki,Celerio,EX,hatchback,2024,1081385,Petrol,13.3,Manual,5,1000,98,121,3,"6 Airbags, ABS, EBD, ESP, 360 Camera, Hill Hold Control, TPMS","Automatic Climate Control, Touchscreen Infotainment, Wireless Charging, Cruise Control, Sunroof",179,385,28005,5,8,56.5,50.5,9.7,7.3,4.4,4.9,6,10.0
49,Kia,Carens,EX,mpv,2020,3180983,Petrol,17.4,Manual,7,2200,140,195,4,"6 Airbags, ABS, EBD, ESP, 360 Camera, ADAS, Hill Hold Control, TPMS, Electronic Stability Control","Dual Zone Climate Control, 10-inch Touchscreen, Wireless Charging, Ventilated Seats, Panoramic Sunroof, Premium Sound System",169,375,122339,3,5,56.4,41.4,7.5,9.6,5.8,7.0,8,12.0
50,Renault,Kwid,Mid,hatchback,2024,970003,Petrol,22.5,Manual,5,1200,79,103,4,"Dual Airbags, ABS, EBD, Rear Parking Sensors","Power Windows, Central Locking, AC, Power Steering",175,307,35837,4,7,56.7,44.2,8.5,6.9,7.5,4.0,8,8.0
51,Renault,Kwid,Base,hatchback,2021,723993,Petrol,20.4,Manual,5,800,71,103,4,"6 Airbags, ABS, EBD, ESP, Rear Parking Sensors, Hill Hold Control","Power Windows, Central Locking, AC, Power Steering",164,257,15808,5,8,61.3,45.1,8.7,7.4,6.8,3.5,8,8.0
52,Nissan,Magnite,Top,hatchback,2022,631207,Petrol,19.4,Manual,5,1200,87,117,4,"6 Airbags, ABS, EBD, ESP, Rear Parking Sensors, Hill Hold Control","Power Windows, Central Locking, AC, Power Steering",176,279,16981,3,10,65.2,47.3,9.3,6.1,6.5,4.3,8,8.0
53,Maruti Suzuki,Ciaz,LX,sedan,2022,1327715,Petrol,21.2,Manual,5,1200,80,107,4,"6 Airbags, ABS, EBD, ESP, Rear Parking Sensors, Hill Hold Control","Automatic Climate Control, Touchscreen Infotainment, Wireless Charging, Cruise Control, Sunroof",182,458,39838,5,5,61.0,51.1,7.9,7.9,7.1,4.0,8,10.0
54,Hyundai,Kona Electric,EX,suv,2022,7356771,Electric,414.7,Automatic,5,0,109,144,5,"6 Airbags, ABS, EBD, ESP, 360 Camera, ADAS, Hill Hold Control, TPMS, Electronic Stability Control","Dual Zone Climate Control, 10-inch Touchscreen, Wireless Charging, Ventilated Seats, Panoramic Sunroof, Premium Sound System",190,358,214831,5,5,61.6,41.6,6.9,8.8,10.0,5.5,10,12.0
55,Honda,Elevate,ZX,suv,2021,2153481,Diesel,16.9,CVT,7,2000,144,204,5,"6 Airbags, ABS, EBD, ESP, 360 Camera, ADAS, Hill Hold Control, TPMS, Electronic Stability Control","Dual Zone Climate Control, 10-inch Touchscreen, Wireless Charging, Ventilated Seats, Panoramic Sunroof, Premium Sound System",189,260,47497,4,6,64.0,51.4,7.3,8.4,5.6,7.2,10,12.0
56,MG,Hector Plus,ZX,mpv,2022,1412336,Diesel,17.8,Manual,8,2000,135,185,4,"6 Airbags, ABS, EBD, ESP, Rear Parking Sensors, Hill Hold Control","Automatic Climate Control, Touchscreen Infotainment, Wireless Charging, Cruise Control, Sunroof",179,315,29309,4,5,64.7,54.7,6.2,9.2,5.9,6.8,8,10.0
57,Kia,Carens,SX,mpv,2020,3353918,CNG,23.9,Manual,7,2200,113,163,5,"6 Airbags, ABS, EBD, ESP, 360 Camera, ADAS, Hill Hold Control, TPMS, Electronic Stability Control","Dual Zone Climate Control, 10-inch Touchscreen, Wireless Charging, Ventilated Seats, Panoramic Sunroof, Premium Sound System",187,221,100922,3,6,65.6,54.9,7.0,9.2,8.0,5.6,10,12.0
58,Toyota,Hilux,EX,suv,2025,4384052,Petrol,19.2,Manual,5,1500,171,240,4,"6 Airbags, ABS, EBD, ESP, 360 Camera, ADAS, Hill Hold Control, TPMS, Electronic Stability Control","Dual Zone Climate Control, 10-inch Touchscreen, Wireless Charging, Ventilated Seats, Panoramic Sunroof, Premium Sound System",218,238,116910,5,6,68.8,44.7,7.3,9.3,6.4,8.6,8,12.0
59,Tata,Altroz,Alpha,hatchback,2021,720901,Petrol,21.5,Automatic,7,1200,87,117,3,"6 Airbags, ABS, EBD, ESP, Rear Parking Sensors, Hill Hold Control","Power Windows, Central Locking, AC, Power Steering",166,337,28081,4,6,70.0,42.3,8.6,7.6,7.2,4.3,6,8.0
60,Renault,Kwid,Top,hatchback,2021,766519,Petrol,13.9,CVT,7,1200,88,106,4,"Dual Airbags, ABS, EBD, Rear Parking Sensors","Power Windows, Central Locking, Climate Control, Power Steering, Touchscreen Infotainment",179,322,26864,4,9,58.6,54.5,9.6,7.8,4.6,4.4,8,10.0
61,Mahindra,Bolero,SX,suv,2025,5054377,Petrol,16.6,Manual,5,2500,117,171,3,"6 Airbags, ABS, EBD, ESP, 360 Camera, ADAS, Hill Hold Control, TPMS, Electronic Stability Control","Dual Zone Climate Control, 10-inch Touchscreen, Wireless Charging, Ventilated Seats, Panoramic Sunroof, Premium Sound System",210,295,157144,3,9,67.8,44.3,7.5,8.5,5.5,5.8,6,12.0
62,Mahindra,Marazzo,Base,mpv,2021,2368508,Petrol,16.8,AMT,7,1500,147,186,4,"6 Airbags, ABS, EBD, ESP, 360 Camera, ADAS, Hill Hold Control, TPMS, Electronic Stability Control","Dual Zone Climate Control, 10-inch Touchscreen, Wireless Charging, Ventilated Seats, Panoramic Sunroof, Premium Sound System",168,382,78158,3,5,59.3,52.4,7.4,8.3,5.6,7.3,8,12.0
63,MG,Hector Plus,Mid,mpv,2024,1641199,Petrol,14.6,Manual,8,2000,130,167,3,"6 Airbags, ABS, EBD, ESP, 360 Camera, Hill Hold Control, TPMS","Automatic Climate Control, Touchscreen Infotainment, Wireless Charging, Cruise Control, Sunroof",167,228,60287,4,9,55.2,47.7,6.5,8.3,4.9,6.5,6,10.0
64,Nissan,Magnite,EX,suv,2025,4656203,Petrol,18.3,Automatic,5,2500,164,235,4,"6 Airbags, ABS, EBD, ESP, 360 Camera, ADAS, Hill Hold Control, TPMS, Electronic Stability Control","Dual Zone Climate Control, 10-inch Touchscreen, Wireless Charging, Ventilated Seats, Panoramic Sunroof, Premium Sound System",181,299,174452,3,8,69.7,43.8,6.0,9.6,6.1,8.2,8,12.0
65,Hyundai,Creta,Base,suv,2020,4597539,Petrol,19.7,Manual,7,1600,108,152,5,"6 Airbags, ABS, EBD, ESP, 360 Camera, ADAS, Hill Hold Control, TPMS, Electronic Stability Control","Dual Zone Climate Control, 10-inch Touchscreen, Wireless Charging, Ventilated Seats, Panoramic Sunroof, Premium Sound System",182,275,110487,3,7,69.0,47.7,8.0,9.1,6.6,5.4,10,12.0
66,Honda,Jazz,VX,hatchback,2024,897657,Petrol,21.4,Manual,5,1000,87,127,5,"6 Airbags, ABS, EBD, ESP, Rear Parking Sensors, Hill Hold Control","Power Windows, Central Locking, Climate Control, Power Steering, Touchscreen Infotainment",165,377,30377,4,7,67.0,50.9,8.2,7.2,7.1,4.3,10,10.0
67,Tata,Harrier,Mid,suv,2025,4915698,Petrol,15.7,AMT,5,2000,157,190,5,"6 Airbags, ABS, EBD, ESP, 360 Camera, ADAS, Hill Hold Control, TPMS, Electronic Stability Control","Dual Zone Climate Control, 10-inch Touchscreen, Wireless Charging, Ventilated Seats, Panoramic Sunroof, Premium Sound System",202,357,196446,4,5,56.1,49.6,6.7,9.6,5.2,7.9,10,12.0
68,Tata,Tiago,SX,hatchback,2022,940947,Petrol,12.8,AMT,5,1200,62,85,4,"6 Airbags, ABS, EBD, ESP, Rear Parking Sensors, Hill Hold Control","Power Windows, Central Locking, Climate Control, Power Steering, Touchscreen Infotainment",174,269,29619,5,8,59.7,44.2,9.9,6.1,4.3,3.1,8,10.0
69,Renault,Triber,VX,mpv,2025,2039967,Petrol,20.4,AMT,8,1600,115,142,3,"6 Airbags, ABS, EBD, ESP, 360 Camera, ADAS, Hill Hold Control, TPMS, Electronic Stability Control","Dual Zone Climate Control, 10-inch Touchscreen, Wireless Charging, Ventilated Seats, Panoramic Sunroof, Premium Sound System",170,382,58959,3,7,65.0,50.6,7.1,8.6,6.8,5.8,6,12.0
70,Honda,Amaze,ZX,sedan,2020,1327931,Petrol,13.5,CVT,5,1200,111,134,4,"6 Airbags, ABS, EBD, ESP, 360 Camera, Hill Hold Control, TPMS","Automatic Climate Control, Touchscreen Infotainment, Wireless Charging, Cruise Control, Sunroof",190,541,30005,3,7,61.0,50.8,8.0,7.8,4.5,5.6,8,10.0
71,Tata,Punch,SX,suv,2021,2671700,Petrol,13.5,AMT,5,2500,107,155,4,"6 Airbags, ABS, EBD, ESP, 360 Camera, ADAS, Hill Hold Control, TPMS, Electronic Stability Control","Dual Zone Climate Control, 10-inch Touchscreen, Wireless Charging, Ventilated Seats, Panoramic Sunroof, Premium Sound System",199,242,62088,5,7,69.2,47.8,6.6,8.2,4.5,5.4,8,12.0
72,Mahindra,XUV700,VX,suv,2024,2392170,Petrol,19.7,Automatic,5,2500,143,207,4,"6 Airbags, ABS, EBD, ESP, 360 Camera, ADAS, Hill Hold Control, TPMS, Electronic Stability Control","Dual Zone Climate Control, 10-inch Touchscreen, Wireless Charging, Ventilated Seats, Panoramic Sunroof, Premium Sound System",181,220,50018,5,7,64.8,51.5,6.8,9.3,6.6,7.1,8,12.0
73,MG,ZS EV,VX,suv,2022,6899005,Electric,396.6,Automatic,5,0,196,239,3,"6 Airbags, ABS, EBD, ESP, 360 Camera, ADAS, Hill Hold Control, TPMS, Electronic Stability Control","Dual Zone Climate Control, 10-inch Touchscreen, Wireless Charging, Ventilated Seats, Panoramic Sunroof, Premium Sound System",208,306,204797,3,9,57.2,52.9,6.6,10.0,10.0,9.8,6,12.0
74,Toyota,Innova Crysta,ZX,mpv,2021,2358098,Petrol,13.3,Automatic,8,2000,157,200,3,"6 Airbags, ABS, EBD, ESP, 360 Camera, ADAS, Hill Hold Control, TPMS, Electronic Stability Control","Dual Zone Climate Control, 10-inch Touchscreen, Wireless Charging, Ventilated Seats, Panoramic Sunroof, Premium Sound System",174,298,87917,4,6,67.2,54.0,7.4,8.4,4.4,7.9,6,12.0
75,Renault,Triber,VX,mpv,2025,2939252,Petrol,13.1,Manual,8,1600,174,227,3,"6 Airbags, ABS, EBD, ESP, 360 Camera, ADAS, Hill Hold Control, TPMS, Electronic Stability Control","Dual Zone Climate Control, 10-inch Touchscreen, Wireless Charging, Ventilated Seats, Panoramic Sunroof, Premium Sound System",180,352,110653,5,8,59.3,40.1,6.2,8.3,4.4,8.7,6,12.0
76,Honda,Elevate,ZX,suv,2021,4863389,Petrol,18.7,DCT,7,1500,149,201,5,"6 Airbags, ABS, EBD, ESP, 360 Camera, ADAS, Hill Hold Control, TPMS, Electronic Stability Control","Dual Zone Climate Control, 10-inch Touchscreen, Wireless Charging, Ventilated Seats, Panoramic Sunroof, Premium Sound System",197,359,163448,3,5,60.9,51.9,6.7,9.9,6.2,7.5,10,12.0
77,Tata,Tigor,Alpha,sedan,2025,1752888,Petrol,12.5,Manual,5,1600,109,135,5,"6 Airbags, ABS, EBD, ESP, Rear Parking Sensors, Hill Hold Control","Automatic Climate Control, Touchscreen Infotainment, Wireless Charging, Cruise Control, Sunroof",184,481,40754,5,7,63.9,47.6,8.0,8.0,4.2,5.5,10,10.0
78,Nissan,Magnite,Base,suv,2024,3280988,Petrol,23.8,Automatic,5,2200,133,198,5,"6 Airbags, ABS, EBD, ESP, 360 Camera, ADAS, Hill Hold Control, TPMS, Electronic Stability Control","Dual Zone Climate Control, 10-inch Touchscreen, Wireless Charging, Ventilated Seats, Panoramic Sunroof, Premium Sound System",217,347,80551,3,8,57.6,49.4,7.2,9.7,7.9,6.7,10,12.0
79,Tata,Tigor,Mid,sedan,2022,1699981,Petrol,17.3,Manual,5,1500,93,123,5,"6 Airbags, ABS, EBD, ESP, 360 Camera, Hill Hold Control, TPMS","Power Windows, Central Locking, Climate Control, Power Steering, Touchscreen Infotainment",187,435,51634,5,10,62.2,45.7,8.9,7.9,5.8,4.7,10,10.0
80,Renault,Duster,VX,suv,2022,3844790,Petrol,15.0,Manual,5,2000,190,239,5,"6 Airbags, ABS, EBD, ESP, 360 Camera, ADAS, Hill Hold Control, TPMS, Electronic Stability Control","Dual Zone Climate Control, 10-inch Touchscreen, Wireless Charging, Ventilated Seats, Panoramic Sunroof, Premium Sound System",200,322,103717,5,7,56.8,50.1,6.8,10.0,5.0,9.5,10,12.0
81,Honda,Jazz,Mid,hatchback,2025,769234,Petrol,17.3,Manual,5,800,94,120,4,"6 Airbags, ABS, EBD, ESP, Rear Parking Sensors, Hill Hold Control","Power Windows, Central Locking, AC, Power Steering",163,400,19065,3,9,58.4,43.5,8.2,6.7,5.8,4.7,8,8.0
82,MG,Comet EV,Base,hatchback,2020,791858,Electric,492.9,Automatic,5,0,247,365,5,"6 Airbags, ABS, EBD, ESP, Rear Parking Sensors, Hill Hold Control","Power Windows, Central Locking, AC, Power Steering",169,332,20357,3,10,63.6,48.0,9.4,7.9,10.0,10.0,10,8.0
83,Tata,Altroz,SX,hatchback,2024,844233,Petrol,21.0,Manual,5,1000,96,132,5,"6 Airbags, ABS, EBD, ESP, Rear Parking Sensors, Hill Hold Control","Power Windows, Central Locking, Climate Control, Power Steering, Touchscreen Infotainment",174,389,25737,3,8,59.1,52.1,8.7,7.5,7.0,4.8,10,10.0
84,Honda,Amaze,ZX,sedan,2023,1306614,Petrol,18.8,CVT,5,1600,120,176,5,"6 Airbags, ABS, EBD, ESP, 360 Camera, Hill Hold Control, TPMS","Power Windows, Central Locking, Climate Control, Power Steering, Touchscreen Infotainment",177,424,30961,3,7,69.0,40.1,7.8,7.9,6.3,6.0,10,10.0
85,Honda,Elevate,Base,suv,2021,1691741,Petrol,14.8,Manual,7,1600,151,212,5,"6 Airbags, ABS, EBD, ESP, 360 Camera, Hill Hold Control, TPMS","Power Windows, Central Locking, Climate Control, Power Steering, Touchscreen Infotainment",220,275,46270,3,6,62.2,46.8,8.0,8.7,4.9,7.5,10,10.0
86,Renault,Triber,LX,mpv,2020,1257726,Petrol,19.1,Automatic,8,2000,109,160,3,"6 Airbags, ABS, EBD, ESP, Rear Parking Sensors, Hill Hold Control","Power Windows, Central Locking, Climate Control, Power Steering, Touchscreen Infotainment",170,283,46648,4,10,58.1,48.7,6.2,9.0,6.4,5.5,6,10.0
87,Maruti Suzuki,Ertiga,Alpha,mpv,2025,3698129,Petrol,18.8,Automatic,8,2200,132,190,5,"6 Airbags, ABS, EBD, ESP, 360 Camera, ADAS, Hill Hold Control, TPMS, Electronic Stability Control","Dual Zone Climate Control, 10-inch Touchscreen, Wireless Charging, Ventilated Seats, Panoramic Sunroof, Premium Sound System",183,218,77312,4,5,63.1,40.9,7.8,10.0,6.3,6.6,10,12.0
88,MG,Comet EV,EX,hatchback,2020,948511,Electric,336.0,Automatic,5,0,175,262,4,"6 Airbags, ABS, EBD, ESP, Rear Parking Sensors, Hill Hold Control","Power Windows, Central Locking, Climate Control, Power Steering, Touchscreen Infotainment",162,388,21493,4,6,69.9,45.9,8.3,8.0,10.0,8.8,8,10.0
89,Maruti Suzuki,Baleno,SX,hatchback,2020,1149326,Petrol,18.5,Manual,5,800,89,116,4,"6 Airbags, ABS, EBD, ESP, Rear Parking Sensors, Hill Hold Control","Power Windows, Central Locking, Climate Control, Power Steering, Touchscreen Infotainment",173,254,28518,3,9,55.5,49.0,9.4,6.1,6.2,4.5,8,10.0
90,Maruti Suzuki,XL6,LX,mpv,2024,1140417,Petrol,21.1,Automatic,7,2000,129,186,5,"6 Airbags, ABS, EBD, ESP, 360 Camera, Hill Hold Control, TPMS","Automatic Climate Control, Touchscreen Infotainment, Wireless Charging, Cruise Control, Sunroof",172,277,42794,5,6,61.2,44.1,7.1,9.2,7.0,6.5,10,10.0
91,Renault,Triber,ZX,mpv,2025,2777929,Diesel,25.4,Manual,8,1600,138,181,5,"6 Airbags, ABS, EBD, ESP, 360 Camera, ADAS, Hill Hold Control, TPMS, Electronic Stability Control","Dual Zone Climate Control, 10-inch Touchscreen, Wireless Charging, Ventilated Seats, Panoramic Sunroof, Premium Sound System",180,261,102746,4,6,67.1,53.7,7.1,9.9,8.5,6.9,10,12.0
92,Honda,City,Mid,sedan,2021,1149388,Diesel,17.1,Manual,5,1500,104,145,4,"6 Airbags, ABS, EBD, ESP, Rear Parking Sensors, Hill Hold Control","Power Windows, Central Locking, Climate Control, Power Steering, Touchscreen Infotainment",190,550,39637,5,8,58.1,53.6,7.6,8.8,5.7,5.2,8,10.0
93,Renault,Duster,EX,suv,2020,4646146,Petrol,15.7,AMT,7,2200,112,161,5,"6 Airbags, ABS, EBD, ESP, 360 Camera, ADAS, Hill Hold Control, TPMS, Electronic Stability Control","Dual Zone Climate Control, 10-inch Touchscreen, Wireless Charging, Ventilated Seats, Panoramic Sunroof, Premium Sound System",200,252,127369,4,9,68.0,51.1,6.0,9.1,5.2,5.6,10,12.0
94,Honda,Amaze,ZX,sedan,2024,1449932,Petrol,18.8,Manual,5,1600,101,128,5,"6 Airbags, ABS, EBD, ESP, 360 Camera, Hill Hold Control, TPMS","Automatic Climate Control, Touchscreen Infotainment, Wireless Charging, Cruise Control, Sunroof",170,490,33907,5,8,57.8,53.3,9.0,8.9,6.3,5.0,10,10.0
95,Renault,Kwid,Base,hatchback,2020,642675,Petrol,16.9,Manual,5,800,73,98,4,"6 Airbags, ABS, EBD, ESP, Rear Parking Sensors, Hill Hold Control","Power Windows, Central Locking, Climate Control, Power Steering, Touchscreen Infotainment",160,251,19694,4,5,62.9,44.1,10.0,6.0,5.6,3.6,8,10.0
96,Hyundai,Grand i10 Nios,Top,hatchback,2020,864082,Petrol,19.4,DCT,5,1000,65,85,4,"Dual Airbags, ABS, EBD, Rear Parking Sensors","Power Windows, Central Locking, AC, Power Steering",169,270,28579,5,5,61.1,45.7,9.0,7.3,6.5,3.2,8,8.0
97,Tata,Altroz,EX,hatchback,2024,624992,Petrol,16.0,Manual,7,800,73,107,4,"6 Airbags, ABS, EBD, ESP, Rear Parking Sensors, Hill Hold Control","Power Windows, Central Locking, Climate Control, Power Steering, Touchscreen Infotainment",161,269,21055,4,9,64.9,42.7,9.7,6.0,5.3,3.6,8,10.0
98,Honda,Amaze,EX,sedan,2024,1756228,Petrol,18.5,Manual,5,1600,85,114,5,"6 Airbags, ABS, EBD, ESP, Rear Parking Sensors, Hill Hold Control","Power Windows, Central Locking, Climate Control, Power Steering, Touchscreen Infotainment",178,459,64582,4,9,69.3,46.0,8.5,7.1,6.2,4.2,10,10.0
99,Toyota,Innova Hycross,Top,mpv,2025,3112382,Hybrid,26.8,DCT,7,1600,191,233,4,"6 Airbags, ABS, EBD, ESP, 360 Camera, ADAS, Hill Hold Control, TPMS, Electronic Stability Control","Dual Zone Climate Control, 10-inch Touchscreen, Wireless Charging, Ventilated Seats, Panoramic Sunroof, Premium Sound System",177,382,111042,3,8,59.8,41.6,6.0,8.6,8.9,9.5,8,12.0
100,Toyota,Urban Cruiser,Top,suv,2020,6498264,Petrol,18.7,Automatic,7,1500,111,144,3,"6 Airbags, ABS, EBD, ESP, 360 Camera, ADAS, Hill Hold Control, TPMS, Electronic Stability Control","Dual Zone Climate Control, 10-inch Touchscreen, Wireless Charging, Ventilated Seats, Panoramic Sunroof, Premium Sound System",218,400,172129,4,7,61.2,51.7,7.4,9.1,6.2,5.6,6,12.0
101,Tata,Harrier,VX,suv,2023,5078954,Petrol,17.2,AMT,5,1500,146,186,4,"6 Airbags, ABS, EBD, ESP, 360 Camera, ADAS, Hill Hold Control, TPMS, Electronic Stability Control","Dual Zone Climate Control, 10-inch Touchscreen, Wireless Charging, Ventilated Seats, Panoramic Sunroof, Premium Sound System",220,326,161897,3,5,57.0,40.1,6.8,9.7,5.7,7.3,8,12.0
102,Kia,EV6,ZX,suv,2022,3352246,Electric,386.1,Automatic,5,0,162,223,4,"6 Airbags, ABS, EBD, ESP, 360 Camera, ADAS, Hill Hold Control, TPMS, Electronic Stability Control","Dual Zone Climate Control, 10-inch Touchscreen, Wireless Charging, Ventilated Seats, Panoramic Sunroof, Premium Sound System",210,280,78954,4,7,66.0,49.5,7.9,9.6,10.0,8.1,8,12.0
103,Toyota,Innova Hycross,EX,mpv,2023,2047527,Hybrid,23.7,Automatic,7,1500,193,258,5,"6 Airbags, ABS, EBD, ESP, 360 Camera, ADAS, Hill Hold Control, TPMS, Electronic Stability Control","Dual Zone Climate Control, 10-inch Touchscreen, Wireless Charging, Ventilated Seats, Panoramic Sunroof, Premium Sound System",179,274,74991,3,10,62.5,49.5,6.5,9.3,7.9,9.7,10,12.0
104,Kia,Carens,SX,mpv,2021,3509864,Diesel,23.0,Automatic,8,1500,146,205,5,"6 Airbags, ABS, EBD, ESP, 360 Camera, ADAS, Hill Hold Control, TPMS, Electronic Stability Control","Dual Zone Climate Control, 10-inch Touchscreen, Wireless Charging, Ventilated Seats, Panoramic Sunroof, Premium Sound System",184,363,134385,3,10,65.0,42.5,7.2,9.1,7.7,7.3,10,12.0
105,Kia,EV6,Mid,suv,2023,4621430,Electric,302.1,Automatic,5,0,210,299,4,"6 Airbags, ABS, EBD, ESP, 360 Camera, ADAS, Hill Hold Control, TPMS, Electronic Stability Control","Dual Zone Climate Control, 10-inch Touchscreen, Wireless Charging, Ventilated Seats, Panoramic Sunroof, Premium Sound System",216,256,133631,4,10,63.8,47.5,6.7,8.0,10.0,10.0,8,12.0
106,Hyundai,Tucson,Mid,suv,2025,4114528,CNG,24.2,Manual,7,2500,161,210,3,"6 Airbags, ABS, EBD, ESP, 360 Camera, ADAS, Hill Hold Control, TPMS, Electronic Stability Control","Dual Zone Climate Control, 10-inch Touchscreen, Wireless Charging, Ventilated Seats, Panoramic Sunroof, Premium Sound System",208,281,87818,3,5,55.3,45.1,6.2,9.6,8.1,8.1,6,12.0
107,Toyota,Innova Hycross,LX,mpv,2022,1731010,Hybrid,28.0,AMT,7,2200,103,146,5,"6 Airbags, ABS, EBD, ESP, 360 Camera, Hill Hold Control, TPMS","Automatic Climate Control, Touchscreen Infotainment, Wireless Charging, Cruise Control, Sunroof",177,201,59018,3,10,67.1,40.9,6.2,9.7,9.3,5.2,10,10.0
108,Tata,Harrier,LX,suv,2025,3661926,Petrol,22.4,AMT,7,2500,150,206,4,"6 Airbags, ABS, EBD, ESP, 360 Camera, ADAS, Hill Hold Control, TPMS, Electronic Stability Control","Dual Zone Climate Control, 10-inch Touchscreen, Wireless Charging, Ventilated Seats, Panoramic Sunroof, Premium Sound System",209,358,85874,5,7,68.8,48.9,7.3,8.6,7.5,7.5,8,12.0
109,Mahindra,XUV300,Top,suv,2021,2413468,Petrol,16.7,Manual,7,2200,123,165,4,"6 Airbags, ABS, EBD, ESP, 360 Camera, ADAS, Hill Hold Control, TPMS, Electronic Stability Control","Dual Zone Climate Control, 10-inch Touchscreen, Wireless Charging, Ventilated Seats, Panoramic Sunroof, Premium Sound System",191,342,56323,4,6,59.7,46.8,6.1,8.7,5.6,6.2,8,12.0
110,Maruti Suzuki,Ertiga,LX,mpv,2021,3148691,Diesel,20.9,AMT,8,2200,121,148,3,"6 Airbags, ABS, EBD, ESP, 360 Camera, ADAS, Hill Hold Control, TPMS, Electronic Stability Control","Dual Zone Climate Control, 10-inch Touchscreen, Wireless Charging, Ventilated Seats, Panoramic Sunroof, Premium Sound System",189,256,81367,4,9,59.3,51.7,7.1,9.5,7.0,6.0,6,12.0
111,MG,Comet EV,VX,hatchback,2023,1318265,Electric,455.0,Automatic,7,0,90,128,4,"6 Airbags, ABS, EBD, ESP, Rear Parking Sensors, Hill Hold Control","Automatic Climate Control, Touchscreen Infotainment, Wireless Charging, Cruise Control, Sunroof",163,313,34214,3,7,60.2,52.3,8.9,8.0,10.0,4.5,8,10.0
112,Nissan,Magnite,Top,suv,2025,1557307,Petrol,21.8,DCT,7,2500,135,186,3,"6 Airbags, ABS, EBD, ESP, 360 Camera, Hill Hold Control, TPMS","Automatic Climate Control, Touchscreen Infotainment, Wireless Charging, Cruise Control, Sunroof",216,268,60809,5,5,57.0,51.3,6.8,8.1,7.3,6.8,6,10.0
113,Honda,Amaze,LX,sedan,2023,1231074,Petrol,15.9,AMT,5,1500,89,122,4,"6 Airbags, ABS, EBD, ESP, 360 Camera, Hill Hold Control, TPMS","Automatic Climate Control, Touchscreen Infotainment, Wireless Charging, Cruise Control, Sunroof",179,419,40222,3,9,66.2,50.4,8.8,7.9,5.3,4.5,8,10.0
114,MG,ZS EV,Base,suv,2021,2073859,Electric,473.8,Automatic,7,0,242,338,4,"6 Airbags, ABS, EBD, ESP, 360 Camera, ADAS, Hill Hold Control, TPMS, Electronic Stability Control","Dual Zone Climate Control, 10-inch Touchscreen, Wireless Charging, Ventilated Seats, Panoramic Sunroof, Premium Sound System",184,336,57973,4,8,59.0,52.4,6.7,9.2,10.0,10.0,8,12.0
115,Toyota,Glanza,Mid,hatchback,2021,479632,Petrol,22.0,Manual,5,1000,89,106,5,"Dual Airbags, ABS, EBD","Power Windows, Central Locking",166,283,18054,4,7,56.4,45.4,8.2,7.3,7.3,4.5,10,4.0
116,Tata,Altroz,VX,hatchback,2023,1020097,Petrol,21.1,Manual,5,800,73,98,3,"6 Airbags, ABS, EBD, ESP, Rear Parking Sensors, Hill Hold Control","Automatic Climate Control, Touchscreen Infotainment, Wireless Charging, Cruise Control, Sunroof",160,252,34593,3,10,57.0,41.1,8.8,7.5,7.0,3.6,6,10.0
117,Hyundai,i20,ZX,hatchback,2025,701496,CNG,24.6,Automatic,5,1200,96,115,4,"6 Airbags, ABS, EBD, ESP, Rear Parking Sensors, Hill Hold Control","Power Windows, Central Locking, Climate Control, Power Steering, Touchscreen Infotainment",166,288,26935,5,8,67.9,41.3,8.2,7.5,8.2,4.8,8,10.0
118,Toyota,Innova Hycross,Top,mpv,2023,1499373,Hybrid,22.5,DCT,7,1500,184,269,4,"6 Airbags, ABS, EBD, ESP, Rear Parking Sensors, Hill Hold Control","Automatic Climate Control, Touchscreen Infotainment, Wireless Charging, Cruise Control, Sunroof",174,365,31623,3,8,56.7,47.5,7.2,9.1,7.5,9.2,8,10.0
119,Maruti Suzuki,Ertiga,Top,suv,2024,2794092,Diesel,20.4,Automatic,7,1500,175,213,4,"6 Airbags, ABS, EBD, ESP, 360 Camera, ADAS, Hill Hold Control, TPMS, Electronic Stability Control","Dual Zone Climate Control, 10-inch Touchscreen, Wireless Charging, Ventilated Seats, Panoramic Sunroof, Premium Sound System",182,215,108895,4,7,64.4,47.5,6.8,9.4,6.8,8.8,8,12.0
120,Hyundai,Verna,Mid,sedan,2020,1180056,Petrol,18.1,Manual,5,1600,100,131,4,"6 Airbags, ABS, EBD, ESP, Rear Parking Sensors, Hill Hold Control","Automatic Climate Control, Touchscreen Infotainment, Wireless Charging, Cruise Control, Sunroof",187,511,40828,3,6,56.3,46.5,7.9,8.2,6.0,5.0,8,10.0
121,Honda,Amaze,Base,sedan,2025,943581,Petrol,20.4,AMT,5,1500,113,153,5,"6 Airbags, ABS, EBD, ESP, Rear Parking Sensors, Hill Hold Control","Power Windows, Central Locking, AC, Power Steering",176,432,33021,4,5,66.6,40.4,8.6,7.5,6.8,5.6,10,8.0
122,Hyundai,Kona Electric,Mid,suv,2024,8025443,Electric,399.2,Automatic,5,0,94,126,4,"6 Airbags, ABS, EBD, ESP, 360 Camera, ADAS, Hill Hold Control, TPMS, Electronic Stability Control","Dual Zone Climate Control, 10-inch Touchscreen, Wireless Charging, Ventilated Seats, Panoramic Sunroof, Premium Sound System",203,240,201457,3,10,65.8,43.4,7.0,8.1,10.0,4.7,8,12.0
123,Maruti Suzuki,Dzire,SX,sedan,2025,1170369,Petrol,23.0,Manual,5,1600,106,134,4,"6 Airbags, ABS, EBD, ESP, 360 Camera, Hill Hold Control, TPMS","Automatic Climate Control, Touchscreen Infotainment, Wireless Charging, Cruise Control, Sunroof",167,546,32133,5,5,57.7,52.1,9.0,8.9,7.7,5.3,8,10.0
124,Honda,Elevate,Mid,suv,2021,3736782,Petrol,14.4,Manual,7,2200,147,202,4,"6 Airbags, ABS, EBD, ESP, 360 Camera, ADAS, Hill Hold Control, TPMS, Electronic Stability Control","Dual Zone Climate Control, 10-inch Touchscreen, Wireless Charging, Ventilated Seats, Panoramic Sunroof, Premium Sound System",192,387,142030,3,5,69.0,40.4,7.1,9.3,4.8,7.3,8,12.0
125,Maruti Suzuki,Brezza,EX,suv,2023,1964983,Diesel,24.7,Automatic,5,1600,153,206,3,"6 Airbags, ABS, EBD, ESP, Rear Parking Sensors, Hill Hold Control","Automatic Climate Control, Touchscreen Infotainment, Wireless Charging, Cruise Control, Sunroof",185,211,75505,5,10,68.4,46.9,7.5,9.2,8.2,7.7,6,10.0
126,Nissan,Magnite,Top,hatchback,2023,949403,Petrol,15.1,DCT,5,1000,88,112,3,"Dual Airbags, ABS, EBD, Rear Parking Sensors","Power Windows, Central Locking, AC, Power Steering",178,277,21939,3,8,59.7,41.8,8.7,7.5,5.0,4.4,6,8.0
127,MG,Hector,VX,suv,2022,3902328,Diesel,17.1,Manual,7,1600,141,175,5,"6 Airbags, ABS, EBD, ESP, 360 Camera, ADAS, Hill Hold Control, TPMS, Electronic Stability Control","Dual Zone Climate Control, 10-inch Touchscreen, Wireless Charging, Ventilated Seats, Panoramic Sunroof, Premium Sound System",202,301,118120,5,7,67.3,42.6,7.9,9.7,5.7,7.0,10,12.0
128,Hyundai,Aura,Base,sedan,2025,1066172,Petrol,21.4,Manual,5,1200,105,137,4,"6 Airbags, ABS, EBD, ESP, Rear Parking Sensors, Hill Hold Control","Automatic Climate Control, Touchscreen Infotainment, Wireless Charging, Cruise Control, Sunroof",167,405,42586,3,8,67.1,41.4,8.7,8.6,7.1,5.2,8,10.0
129,Hyundai,i20,Base,hatchback,2024,814186,Petrol,18.9,Manual,5,1000,87,108,4,"Dual Airbags, ABS, EBD, Rear Parking Sensors","Power Windows, Central Locking, Climate Control, Power Steering, Touchscreen Infotainment",168,364,30669,3,9,64.3,49.7,9.0,7.8,6.3,4.3,8,10.0
130,MG,Comet EV,VX,hatchback,2022,1410525,Electric,376.6,Automatic,5,0,244,357,4,"6 Airbags, ABS, EBD, ESP, Rear Parking Sensors, Hill Hold Control","Automatic Climate Control, Touchscreen Infotainment, Wireless Charging, Cruise Control, Sunroof",171,372,43571,4,9,62.5,45.8,8.4,6.6,10.0,10.0,8,10.0
131,Honda,Jazz,Alpha,hatchback,2021,869491,Petrol,19.0,Automatic,5,800,75,95,5,"Dual Airbags, ABS, EBD, Rear Parking Sensors","Power Windows, Central Locking, AC, Power Steering",178,349,23559,3,6,63.9,52.1,9.4,7.8,6.3,3.8,10,8.0
132,Maruti Suzuki,Grand Vitara,LX,suv,2020,5312006,Diesel,25.7,Manual,7,1600,162,196,3,"6 Airbags, ABS, EBD, ESP, 360 Camera, ADAS, Hill Hold Control, TPMS, Electronic Stability Control","Dual Zone Climate Control, 10-inch Touchscreen, Wireless Charging, Ventilated Seats, Panoramic Sunroof, Premium Sound System",218,256,108357,4,7,68.8,43.0,6.3,9.4,8.6,8.1,6,12.0
133,Toyota,Glanza,Top,hatchback,2025,671200,Petrol,23.0,DCT,7,800,83,117,4,"Dual Airbags, ABS, EBD, Rear Parking Sensors","Power Windows, Central Locking, Climate Control, Power Steering, Touchscreen Infotainment",169,332,15255,3,8,66.9,54.4,9.3,6.3,7.7,4.1,8,10.0
134,Renault,Kiger,Top,suv,2023,2847942,Petrol,15.5,Manual,5,2500,104,130,4,"6 Airbags, ABS, EBD, ESP, 360 Camera, ADAS, Hill Hold Control, TPMS, Electronic Stability Control","Dual Zone Climate Control, 10-inch Touchscreen, Wireless Charging, Ventilated Seats, Panoramic Sunroof, Premium Sound System",219,256,93392,3,6,60.0,41.2,6.7,8.6,5.2,5.2,8,12.0
135,Hyundai,Tucson,Base,suv,2022,2853002,Petrol,12.8,Manual,5,1500,149,198,4,"6 Airbags, ABS, EBD, ESP, 360 Camera, ADAS, Hill Hold Control, TPMS, Electronic Stability Control","Dual Zone Climate Control, 10-inch Touchscreen, Wireless Charging, Ventilated Seats, Panoramic Sunroof, Premium Sound System",190,305,85195,4,9,60.6,52.4,7.6,9.2,4.3,7.5,8,12.0
136,MG,Comet EV,VX,hatchback,2023,1132003,Electric,304.0,Automatic,5,0,98,127,5,"6 Airbags, ABS, EBD, ESP, Rear Parking Sensors, Hill Hold Control","Power Windows, Central Locking, Climate Control, Power Steering, Touchscreen Infotainment",177,273,30291,5,10,55.5,54.1,8.3,7.8,10.0,4.9,10,10.0
137,Tata,Tiago,ZX,hatchback,2020,1275336,Petrol,14.3,DCT,7,1200,78,100,3,"6 Airbags, ABS, EBD, ESP, 360 Camera, Hill Hold Control, TPMS","Automatic Climate Control, Touchscreen Infotainment, Wireless Charging, Cruise Control, Sunroof",164,263,34710,4,7,67.4,49.4,9.0,6.2,4.8,3.9,6,10.0
138,Honda,Jazz,Mid,hatchback,2023,1049783,Petrol,16.8,Manual,5,1200,94,123,4,"6 Airbags, ABS, EBD, ESP, 360 Camera, Hill Hold Control, TPMS","Automatic Climate Control, Touchscreen Infotainment, Wireless Charging, Cruise Control, Sunroof",165,364,21932,4,7,58.4,44.0,8.1,7.5,5.6,4.7,8,10.0
139,Hyundai,Grand i10 Nios,ZX,hatchback,2020,830133,Diesel,27.6,Automatic,7,1000,93,123,4,"6 Airbags, ABS, EBD, ESP, Rear Parking Sensors, Hill Hold Control","Power Windows, Central Locking, AC, Power Steering",175,326,17913,5,9,63.6,47.8,9.1,8.0,9.2,4.7,8,8.0
140,Tata,Altroz,Top,hatchback,2023,782713,CNG,31.7,Automatic,5,1000,65,97,4,"Dual Airbags, ABS, EBD, Rear Parking Sensors","Power Windows, Central Locking, Climate Control, Power Steering, Touchscreen Infotainment",170,267,17016,5,9,59.9,44.1,8.9,7.7,10.0,3.2,8,10.0
141,Tata,Tigor,Mid,sedan,2024,1379977,Petrol,13.2,Automatic,5,1500,106,135,4,"6 Airbags, ABS, EBD, ESP, 360 Camera, Hill Hold Control, TPMS","Power Windows, Central Locking, Climate Control, Power Steering, Touchscreen Infotainment",170,470,38721,5,10,65.4,40.6,8.8,7.7,4.4,5.3,8,10.0
142,MG,Hector,Base,suv,2025,4824000,Petrol,15.7,Manual,5,1600,138,205,4,"6 Airbags, ABS, EBD, ESP, 360 Camera, ADAS, Hill Hold Control, TPMS, Electronic Stability Control","Dual Zone Climate Control, 10-inch Touchscreen, Wireless Charging, Ventilated Seats, Panoramic Sunroof, Premium Sound System",200,268,166794,5,5,57.8,43.2,7.6,9.5,5.2,6.9,8,12.0
143,Renault,Kiger,Alpha,suv,2020,6684263,Diesel,16.8,CVT,7,2500,172,207,3,"6 Airbags, ABS, EBD, ESP, 360 Camera, ADAS, Hill Hold Control, TPMS, Electronic Stability Control","Dual Zone Climate Control, 10-inch Touchscreen, Wireless Charging, Ventilated Seats, Panoramic Sunroof, Premium Sound System",192,214,167038,4,7,65.6,44.1,7.6,9.0,5.6,8.6,6,12.0
144,Hyundai,i10,ZX,hatchback,2021,1166925,Petrol,17.4,DCT,7,1000,70,101,4,"6 Airbags, ABS, EBD, ESP, Rear Parking Sensors, Hill Hold Control","Automatic Climate Control, Touchscreen Infotainment, Wireless Charging, Cruise Control, Sunroof",160,348,24497,5,6,64.7,50.2,8.5,6.8,5.8,3.5,8,10.0
145,Maruti Suzuki,Celerio,Top,hatchback,2023,531536,Petrol,19.2,DCT,5,1200,79,111,5,"Dual Airbags, ABS, EBD","Power Windows, Central Locking",168,358,20150,4,7,58.3,44.5,9.0,7.2,6.4,4.0,10,4.0
146,Nissan,Magnite,Alpha,hatchback,2021,940150,Diesel,22.7,Automatic,5,1000,64,83,4,"6 Airbags, ABS, EBD, ESP, Rear Parking Sensors, Hill Hold Control","Power Windows, Central Locking, Climate Control, Power Steering, Touchscreen Infotainment",168,326,22344,5,5,67.1,52.0,9.2,7.3,7.6,3.2,8,10.0
147,Tata,Altroz,VX,hatchback,2025,968562,Petrol,17.0,Automatic,5,1200,96,138,4,"Dual Airbags, ABS, EBD, Rear Parking Sensors","Power Windows, Central Locking, Climate Control, Power Steering, Touchscreen Infotainment",171,379,25186,3,9,57.7,41.5,8.3,6.5,5.7,4.8,8,10.0
148,Toyota,Glanza,ZX,hatchback,2020,1093166,Petrol,22.5,DCT,5,1000,97,124,5,"6 Airbags, ABS, EBD, ESP, 360 Camera, Hill Hold Control, TPMS","Power Windows, Central Locking, Climate Control, Power Steering, Touchscreen Infotainment",180,399,34550,5,8,68.3,47.5,9.7,6.8,7.5,4.8,10,10.0
149,Maruti Suzuki,Dzire,LX,sedan,2021,1715555,Petrol,23.8,Manual,5,1500,91,130,4,"6 Airbags, ABS, EBD, ESP, Rear Parking Sensors, Hill Hold Control","Automatic Climate Control, Touchscreen Infotainment, Wireless Charging, Cruise Control, Sunroof",185,414,34472,4,6,63.6,42.4,8.6,8.6,7.9,4.5,8,10.0
150,Kia,Carens,SX,mpv,2021,1963683,Petrol,12.5,Manual,8,2000,196,284,3,"6 Airbags, ABS, EBD, ESP, Rear Parking Sensors, Hill Hold Control","Power Windows, Central Locking, Climate Control, Power Steering, Touchscreen Infotainment",172,377,73716,4,5,60.8,48.8,6.3,9.6,4.2,9.8,6,10.0
151,Honda,Elevate,Alpha,suv,2021,2460114,Petrol,22.7,Manual,5,2000,196,246,5,"6 Airbags, ABS, EBD, ESP, 360 Camera, ADAS, Hill Hold Control, TPMS, Electronic Stability Control","Dual Zone Climate Control, 10-inch Touchscreen, Wireless Charging, Ventilated Seats, Panoramic Sunroof, Premium Sound System",205,204,60440,5,6,66.0,48.8,6.3,8.7,7.6,9.8,10,12.0
152,Maruti Suzuki,XL6,Alpha,mpv,2025,1351566,Petrol,19.1,Automatic,7,1500,188,232,4,"6 Airbags, ABS, EBD, ESP, Rear Parking Sensors, Hill Hold Control","Automatic Climate Control, Touchscreen Infotainment, Wireless Charging, Cruise Control, Sunroof",180,379,31170,5,10,55.1,46.3,6.2,9.0,6.4,9.4,8,10.0
153,Renault,Kwid,Mid,hatchback,2020,700869,Petrol,18.0,Automatic,5,800,82,115,4,"Dual Airbags, ABS, EBD, Rear Parking Sensors","Power Windows, Central Locking, Climate Control, Power Steering, Touchscreen Infotainment",166,373,18651,3,10,56.3,41.7,9.1,7.0,6.0,4.1,8,10.0
154,Hyundai,Grand i10 Nios,Mid,hatchback,2020,816961,CNG,25.5,AMT,5,800,66,95,5,"6 Airbags, ABS, EBD, ESP, Rear Parking Sensors, Hill Hold Control","Power Windows, Central Locking, Climate Control, Power Steering, Touchscreen Infotainment",170,359,28406,3,5,67.8,50.0,8.3,6.7,8.5,3.3,10,10.0
155,MG,ZS EV,Mid,suv,2023,5755694,Electric,374.5,Automatic,5,0,109,143,5,"6 Airbags, ABS, EBD, ESP, 360 Camera, ADAS, Hill Hold Control, TPMS, Electronic Stability Control","Dual Zone Climate Control, 10-inch Touchscreen, Wireless Charging, Ventilated Seats, Panoramic Sunroof, Premium Sound System",197,298,194531,4,10,68.3,42.5,6.3,9.5,10.0,5.5,10,12.0
156,Tata,Altroz,SX,hatchback,2020,957836,Diesel,18.2,Automatic,5,800,68,91,4,"6 Airbags, ABS, EBD, ESP, Rear Parking Sensors, Hill Hold Control","Power Windows, Central Locking, Climate Control, Power Steering, Touchscreen Infotainment",161,266,24168,4,10,68.0,47.9,9.5,7.4,6.1,3.4,8,10.0
157,Mahindra,Thar,Alpha,suv,2024,3760038,Petrol,17.2,DCT,7,2200,119,172,4,"6 Airbags, ABS, EBD, ESP, 360 Camera, ADAS, Hill Hold Control, TPMS, Electronic Stability Control","Dual Zone Climate Control, 10-inch Touchscreen, Wireless Charging, Ventilated Seats, Panoramic Sunroof, Premium Sound System",219,213,76076,3,8,67.8,53.0,6.1,9.0,5.7,5.9,8,12.0
158,Mahindra,Scorpio,Base,suv,2025,2671322,Petrol,16.5,AMT,5,2200,173,230,5,"6 Airbags, ABS, EBD, ESP, 360 Camera, ADAS, Hill Hold Control, TPMS, Electronic Stability Control","Dual Zone Climate Control, 10-inch Touchscreen, Wireless Charging, Ventilated Seats, Panoramic Sunroof, Premium Sound System",208,280,59768,4,10,55.3,46.1,6.1,9.1,5.5,8.7,10,12.0
159,Hyundai,Kona Electric,Alpha,suv,2024,8555933,Electric,341.4,Automatic,5,0,173,250,5,"6 Airbags, ABS, EBD, ESP, 360 Camera, ADAS, Hill Hold Control, TPMS, Electronic Stability Control","Dual Zone Climate Control, 10-inch Touchscreen, Wireless Charging, Ventilated Seats, Panoramic Sunroof, Premium Sound System",209,284,266970,5,8,65.7,45.4,6.9,8.2,10.0,8.7,10,12.0
160,Toyota,Hilux,Alpha,suv,2025,2803997,Petrol,12.5,CVT,7,2200,113,144,3,"6 Airbags, ABS, EBD, ESP, 360 Camera, ADAS, Hill Hold Control, TPMS, Electronic Stability Control","Dual Zone Climate Control, 10-inch Touchscreen, Wireless Charging, Ventilated Seats, Panoramic Sunroof, Premium Sound System",187,300,68170,3,7,56.6,46.2,7.9,9.7,4.2,5.6,6,12.0
161,Nissan,Magnite,SX,hatchback,2020,649411,Petrol,23.5,Manual,5,1200,63,86,4,"6 Airbags, ABS, EBD, ESP, Rear Parking Sensors, Hill Hold Control","Power Windows, Central Locking, AC, Power Steering",178,294,22476,3,8,64.9,49.1,8.6,7.8,7.8,3.1,8,8.0
162,Toyota,Land Cruiser,Top,suv,2021,6496669,Petrol,22.6,DCT,5,2500,180,227,4,"6 Airbags, ABS, EBD, ESP, 360 Camera, ADAS, Hill Hold Control, TPMS, Electronic Stability Control","Dual Zone Climate Control, 10-inch Touchscreen, Wireless Charging, Ventilated Seats, Panoramic Sunroof, Premium Sound System",198,375,174798,5,10,64.8,54.4,7.0,9.4,7.5,9.0,8,12.0
163,Toyota,Glanza,Alpha,hatchback,2022,1130971,Petrol,18.8,DCT,7,1000,60,81,3,"6 Airbags, ABS, EBD, ESP, Rear Parking Sensors, Hill Hold Control","Power Windows, Central Locking, Climate Control, Power Steering, Touchscreen Infotainment",161,301,28658,3,10,58.8,52.6,9.4,6.6,6.3,3.0,6,10.0
164,Renault,Kwid,SX,hatchback,2022,1187014,Petrol,22.4,Automatic,5,1000,75,101,5,"6 Airbags, ABS, EBD, ESP, 360 Camera, Hill Hold Control, TPMS","Power Windows, Central Locking, Climate Control, Power Steering, Touchscreen Infotainment",172,349,33629,5,9,55.8,51.2,8.4,7.7,7.5,3.8,10,10.0
165,Mahindra,Scorpio N,Top,suv,2020,2805268,Diesel,16.9,Automatic,7,2200,105,139,4,"6 Airbags, ABS, EBD, ESP, 360 Camera, ADAS, Hill Hold Control, TPMS, Electronic Stability Control","Dual Zone Climate Control, 10-inch Touchscreen, Wireless Charging, Ventilated Seats, Panoramic Sunroof, Premium Sound System",188,241,88870,4,7,62.0,54.1,6.1,9.9,5.6,5.2,8,12.0
166,Nissan,Magnite,SX,hatchback,2020,571705,Petrol,18.6,Automatic,5,800,71,96,5,"Dual Airbags, ABS, EBD","Power Windows, Central Locking",165,356,17643,4,7,58.3,43.2,8.7,6.7,6.2,3.5,10,4.0
167,Mahindra,Marazzo,Mid,mpv,2024,2096087,Petrol,17.3,Manual,7,2200,114,149,4,"6 Airbags, ABS, EBD, ESP, 360 Camera, ADAS, Hill Hold Control, TPMS, Electronic Stability Control","Dual Zone Climate Control, 10-inch Touchscreen, Wireless Charging, Ventilated Seats, Panoramic Sunroof, Premium Sound System",174,206,80126,4,9,61.7,40.7,7.8,8.4,5.8,5.7,8,12.0
168,Renault,Kwid,Top,hatchback,2020,807326,CNG,27.5,Manual,5,800,73,99,5,"6 Airbags, ABS, EBD, ESP, Rear Parking Sensors, Hill Hold Control","Power Windows, Central Locking, AC, Power Steering",164,256,23561,4,5,56.1,42.7,8.5,6.1,9.2,3.6,10,8.0
169,Mahindra,Scorpio N,EX,suv,2022,4959222,Petrol,15.8,Automatic,5,1500,182,257,3,"6 Airbags, ABS, EBD, ESP, 360 Camera, ADAS, Hill Hold Control, TPMS, Electronic Stability Control","Dual Zone Climate Control, 10-inch Touchscreen, Wireless Charging, Ventilated Seats, Panoramic Sunroof, Premium Sound System",217,211,168701,3,9,56.6,51.8,6.6,8.2,5.3,9.1,6,12.0
170,MG,Hector Plus,Base,mpv,2020,1372025,Petrol,18.4,Automatic,8,2000,181,225,4,"6 Airbags, ABS, EBD, ESP, 360 Camera, Hill Hold Control, TPMS","Power Windows, Central Locking, Climate Control, Power Steering, Touchscreen Infotainment",182,342,31319,3,9,63.9,48.1,7.9,8.6,6.1,9.1,8,10.0
171,Tata,Tigor,VX,sedan,2025,2147637,Petrol,14.2,Manual,5,1600,109,151,3,"6 Airbags, ABS, EBD, ESP, 360 Camera, ADAS, Hill Hold Control, TPMS, Electronic Stability Control","Dual Zone Climate Control, 10-inch Touchscreen, Wireless Charging, Ventilated Seats, Panoramic Sunroof, Premium Sound System",186,417,53720,3,9,62.3,45.0,7.3,8.3,4.7,5.5,6,12.0
172,Hyundai,Kona Electric,Mid,suv,2022,5418907,Electric,480.0,Automatic,7,0,195,253,4,"6 Airbags, ABS, EBD, ESP, 360 Camera, ADAS, Hill Hold Control, TPMS, Electronic Stability Control","Dual Zone Climate Control, 10-inch Touchscreen, Wireless Charging, Ventilated Seats, Panoramic Sunroof, Premium Sound System",217,239,169671,4,8,57.5,44.7,7.6,9.4,10.0,9.8,8,12.0
173,Kia,Carens,Top,suv,2024,5766712,Petrol,17.8,DCT,5,2200,170,209,4,"6 Airbags, ABS, EBD, ESP, 360 Camera, ADAS, Hill Hold Control, TPMS, Electronic Stability Control","Dual Zone Climate Control, 10-inch Touchscreen, Wireless Charging, Ventilated Seats, Panoramic Sunroof, Premium Sound System",185,271,214373,3,6,58.9,53.3,6.2,8.2,5.9,8.5,8,12.0
174,Maruti Suzuki,Ignis,EX,hatchback,2025,548045,Petrol,14.6,Manual,7,1200,94,126,5,"Dual Airbags, ABS, EBD","Power Windows, Central Locking",171,350,13408,5,7,57.0,47.5,8.2,6.7,4.9,4.7,10,4.0
175,Maruti Suzuki,Dzire,Alpha,sedan,2022,2413444,Petrol,13.9,CVT,5,1600,110,162,3,"6 Airbags, ABS, EBD, ESP, 360 Camera, ADAS, Hill Hold Control, TPMS, Electronic Stability Control","Dual Zone Climate Control, 10-inch Touchscreen, Wireless Charging, Ventilated Seats, Panoramic Sunroof, Premium Sound System",189,524,59455,4,6,55.6,43.1,8.8,7.7,4.6,5.5,6,12.0
176,MG,Hector Plus,Base,mpv,2024,2986796,Diesel,17.2,Manual,8,2500,169,231,4,"6 Airbags, ABS, EBD, ESP, 360 Camera, ADAS, Hill Hold Control, TPMS, Electronic Stability Control","Dual Zone Climate Control, 10-inch Touchscreen, Wireless Charging, Ventilated Seats, Panoramic Sunroof, Premium Sound System",177,293,94841,3,7,60.6,53.6,7.0,8.7,5.7,8.4,8,12.0
177,Toyota,Innova Hycross,Base,mpv,2025,1382875,Hybrid,25.0,Manual,8,1600,109,147,4,"6 Airbags, ABS, EBD, ESP, Rear Parking Sensors, Hill Hold Control","Power Windows, Central Locking, Climate Control, Power Steering, Touchscreen Infotainment",170,292,44307,3,6,61.2,45.0,6.2,9.4,8.3,5.5,8,10.0
178,Tata,Tigor,Alpha,sedan,2023,968294,Petrol,18.9,CVT,5,1500,91,123,4,"Dual Airbags, ABS, EBD, Rear Parking Sensors","Power Windows, Central Locking, Climate Control, Power Steering, Touchscreen Infotainment",167,455,28065,4,6,58.3,46.2,7.3,8.2,6.3,4.5,8,10.0
179,Tata,Nexon,ZX,suv,2024,1660744,Diesel,23.2,Manual,5,2200,116,142,4,"6 Airbags, ABS, EBD, ESP, 360 Camera, Hill Hold Control, TPMS","Power Windows, Central Locking, Climate Control, Power Steering, Touchscreen Infotainment",218,224,39107,5,5,68.2,48.0,7.5,8.2,7.7,5.8,8,10.0
180,Tata,Altroz,Alpha,hatchback,2020,1289995,Petrol,22.5,CVT,5,1000,84,109,5,"6 Airbags, ABS, EBD, ESP, Rear Parking Sensors, Hill Hold Control","Automatic Climate Control, Touchscreen Infotainment, Wireless Charging, Cruise Control, Sunroof",164,315,38110,3,7,64.0,48.2,8.5,6.0,7.5,4.2,10,10.0
181,Maruti Suzuki,Ignis,Base,hatchback,2023,731246,Petrol,14.5,Manual,5,800,69,91,4,"6 Airbags, ABS, EBD, ESP, Rear Parking Sensors, Hill Hold Control","Power Windows, Central Locking, Climate Control, Power Steering, Touchscreen Infotainment",178,343,23573,5,6,61.2,51.8,9.0,6.7,4.8,3.4,8,10.0
182,Renault,Triber,VX,mpv,2024,2963852,Petrol,21.3,Manual,7,1600,157,225,5,"6 Airbags, ABS, EBD, ESP, 360 Camera, ADAS, Hill Hold Control, TPMS, Electronic Stability Control","Dual Zone Climate Control, 10-inch Touchscreen, Wireless Charging, Ventilated Seats, Panoramic Sunroof, Premium Sound System",168,254,89410,4,9,65.5,50.6,6.3,9.9,7.1,7.9,10,12.0
183,Maruti Suzuki,Swift,SX,hatchback,2025,811045,Diesel,17.1,Manual,5,800,98,118,4,"6 Airbags, ABS, EBD, ESP, Rear Parking Sensors, Hill Hold Control","Power Windows, Central Locking, Climate Control, Power Steering, Touchscreen Infotainment",179,264,31561,3,8,61.6,43.0,9.3,7.6,5.7,4.9,8,10.0
184,Honda,Amaze,Alpha,sedan,2023,1289831,Petrol,14.8,Automatic,5,1500,95,132,5,"6 Airbags, ABS, EBD, ESP, Rear Parking Sensors, Hill Hold Control","Automatic Climate Control, Touchscreen Infotainment, Wireless Charging, Cruise Control, Sunroof",189,502,34906,4,9,58.0,40.2,8.4,8.8,4.9,4.8,10,10.0
185,Renault,Duster,ZX,suv,2022,3031333,Diesel,19.3,Manual,7,2500,100,127,4,"6 Airbags, ABS, EBD, ESP, 360 Camera, ADAS, Hill Hold Control, TPMS, Electronic Stability Control","Dual Zone Climate Control, 10-inch Touchscreen, Wireless Charging, Ventilated Seats, Panoramic Sunroof, Premium Sound System",186,343,65015,4,5,67.0,54.4,7.8,9.6,6.4,5.0,8,12.0
186,Nissan,Magnite,EX,suv,2022,5686373,Petrol,21.1,Automatic,7,1500,161,198,3,"6 Airbags, ABS, EBD, ESP, 360 Camera, ADAS, Hill Hold Control, TPMS, Electronic Stability Control","Dual Zone Climate Control, 10-inch Touchscreen, Wireless Charging, Ventilated Seats, Panoramic Sunroof, Premium Sound System",220,256,190711,3,8,69.3,47.7,6.0,9.7,7.0,8.1,6,12.0
187,Mahindra,XUV300,EX,suv,2025,2746557,CNG,26.7,Manual,7,2000,127,186,4,"6 Airbags, ABS, EBD, ESP, 360 Camera, ADAS, Hill Hold Control, TPMS, Electronic Stability Control","Dual Zone Climate Control, 10-inch Touchscreen, Wireless Charging, Ventilated Seats, Panoramic Sunroof, Premium Sound System",192,327,95421,3,6,68.1,43.1,6.4,8.5,8.9,6.3,8,12.0
188,Nissan,Magnite,Mid,suv,2022,5557687,Petrol,23.5,Manual,7,2500,105,152,4,"6 Airbags, ABS, EBD, ESP, 360 Camera, ADAS, Hill Hold Control, TPMS, Electronic Stability Control","Dual Zone Climate Control, 10-inch Touchscreen, Wireless Charging, Ventilated Seats, Panoramic Sunroof, Premium Sound System",200,326,210983,5,8,57.7,51.5,7.0,8.8,7.8,5.2,8,12.0
189,Maruti Suzuki,XL6,Alpha,mpv,2022,2069772,Petrol,16.2,Automatic,8,2500,158,204,3,"6 Airbags, ABS, EBD, ESP, 360 Camera, ADAS, Hill Hold Control, TPMS, Electronic Stability Control","Dual Zone Climate Control, 10-inch Touchscreen, Wireless Charging, Ventilated Seats, Panoramic Sunroof, Premium Sound System",186,253,57102,3,7,64.2,43.9,7.1,8.5,5.4,7.9,6,12.0
190,MG,Hector,Top,suv,2025,4970106,Petrol,20.4,Manual,5,2000,157,196,3,"6 Airbags, ABS, EBD, ESP, 360 Camera, ADAS, Hill Hold Control, TPMS, Electronic Stability Control","Dual Zone Climate Control, 10-inch Touchscreen, Wireless Charging, Ventilated Seats, Panoramic Sunroof, Premium Sound System",216,375,122122,3,7,67.1,48.3,7.7,8.4,6.8,7.9,6,12.0
191,Maruti Suzuki,Ciaz,SX,sedan,2025,2021090,Petrol,22.7,Automatic,5,1600,100,143,4,"6 Airbags, ABS, EBD, ESP, 360 Camera, ADAS, Hill Hold Control, TPMS, Electronic Stability Control","Dual Zone Climate Control, 10-inch Touchscreen, Wireless Charging, Ventilated Seats, Panoramic Sunroof, Premium Sound System",182,545,42350,3,6,55.9,52.2,8.0,8.3,7.6,5.0,8,12.0
192,MG,Hector,ZX,suv,2024,4662914,Petrol,21.7,Manual,5,1500,144,210,5,"6 Airbags, ABS, EBD, ESP, 360 Camera, ADAS, Hill Hold Control, TPMS, Electronic Stability Control","Dual Zone Climate Control, 10-inch Touchscreen, Wireless Charging, Ventilated Seats, Panoramic Sunroof, Premium Sound System",192,347,146965,5,6,69.7,44.3,6.7,9.0,7.2,7.2,10,12.0
193,MG,Comet EV,VX,hatchback,2022,927163,Electric,392.8,Automatic,5,0,243,350,4,"6 Airbags, ABS, EBD, ESP, Rear Parking Sensors, Hill Hold Control","Power Windows, Central Locking, AC, Power Steering",162,291,24915,4,10,59.4,44.0,9.3,6.5,10.0,10.0,8,8.0
194,MG,ZS EV,Alpha,suv,2025,7886573,Electric,493.1,Automatic,5,0,127,184,3,"6 Airbags, ABS, EBD, ESP, 360 Camera, ADAS, Hill Hold Control, TPMS, Electronic Stability Control","Dual Zone Climate Control, 10-inch Touchscreen, Wireless Charging, Ventilated Seats, Panoramic Sunroof, Premium Sound System",195,369,197424,5,10,56.2,42.5,6.2,8.1,10.0,6.3,6,12.0
195,MG,Comet EV,EX,hatchback,2025,852765,Electric,404.8,Automatic,5,0,147,203,3,"6 Airbags, ABS, EBD, ESP, Rear Parking Sensors, Hill Hold Control","Power Windows, Central Locking, Climate Control, Power Steering, Touchscreen Infotainment",167,313,29635,4,6,57.0,52.6,8.1,7.3,10.0,7.3,6,10.0
196,Toyota,Innova Hycross,Alpha,mpv,2024,3598848,Hybrid,29.3,CVT,7,2500,176,235,5,"6 Airbags, ABS, EBD, ESP, 360 Camera, ADAS, Hill Hold Control, TPMS, Electronic Stability Control","Dual Zone Climate Control, 10-inch Touchscreen, Wireless Charging, Ventilated Seats, Panoramic Sunroof, Premium Sound System",183,311,109654,5,7,68.6,47.2,6.5,8.2,9.8,8.8,10,12.0
197,Honda,Elevate,VX,suv,2022,2212045,Petrol,18.3,Manual,5,2200,168,202,5,"6 Airbags, ABS, EBD, ESP, 360 Camera, ADAS, Hill Hold Control, TPMS, Electronic Stability Control","Dual Zone Climate Control, 10-inch Touchscreen, Wireless Charging, Ventilated Seats, Panoramic Sunroof, Premium Sound System",210,276,44644,4,9,58.5,40.1,6.7,8.8,6.1,8.4,10,12.0
198,Renault,Triber,LX,mpv,2022,2678078,Petrol,20.8,Manual,8,2000,110,145,4,"6 Airbags, ABS, EBD, ESP, 360 Camera, ADAS, Hill Hold Control, TPMS, Electronic Stability Control","Dual Zone Climate Control, 10-inch Touchscreen, Wireless Charging, Ventilated Seats, Panoramic Sunroof, Premium Sound System",189,356,96816,5,7,64.7,48.0,6.5,8.4,6.9,5.5,8,12.0
199,Hyundai,Aura,VX,sedan,2022,1859425,Petrol,17.5,Manual,5,1600,119,160,4,"6 Airbags, ABS, EBD, ESP, Rear Parking Sensors, Hill Hold Control","Power Windows, Central Locking, Climate Control, Power Steering, Touchscreen Infotainment",182,405,44103,3,7,56.9,46.6,7.0,7.2,5.8,5.9,8,10.0
200,Maruti Suzuki,Ertiga,ZX,mpv,2020,3757549,Petrol,21.4,Manual,8,1500,142,173,5,"6 Airbags, ABS, EBD, ESP, 360 Camera, ADAS, Hill Hold Control, TPMS, Electronic Stability Control","Dual Zone Climate Control, 10-inch Touchscreen, Wireless Charging, Ventilated Seats, Panoramic Sunroof, Premium Sound System",169,214,95178,4,9,62.1,42.9,7.7,9.6,7.1,7.1,10,12.0
201,Maruti Suzuki,WagonR,LX,hatchback,2020,725084,Petrol,23.7,Manual,5,1000,66,89,5,"6 Airbags, ABS, EBD, ESP, Rear Parking Sensors, Hill Hold Control","Power Windows, Central Locking, Climate Control, Power Steering, Touchscreen Infotainment",169,332,16801,5,10,69.1,47.8,8.5,7.3,7.9,3.3,10,10.0
202,Mahindra,XUV300,LX,suv,2025,4776212,Diesel,18.8,Manual,5,1600,135,185,4,"6 Airbags, ABS, EBD, ESP, 360 Camera, ADAS, Hill Hold Control, TPMS, Electronic Stability Control","Dual Zone Climate Control, 10-inch Touchscreen, Wireless Charging, Ventilated Seats, Panoramic Sunroof, Premium Sound System",195,202,188071,5,8,65.3,42.3,7.5,8.5,6.3,6.8,8,12.0
203,MG,Comet EV,Base,hatchback,2025,785953,Electric,312.0,Automatic,7,0,107,132,4,"6 Airbags, ABS, EBD, ESP, Rear Parking Sensors, Hill Hold Control","Power Windows, Central Locking, Climate Control, Power Steering, Touchscreen Infotainment",166,255,26553,4,6,58.8,40.6,9.4,7.1,10.0,5.4,8,10.0
204,Renault,Triber,Top,mpv,2025,3593965,Petrol,15.9,CVT,8,1500,167,208,4,"6 Airbags, ABS, EBD, ESP, 360 Camera, ADAS, Hill Hold Control, TPMS, Electronic Stability Control","Dual Zone Climate Control, 10-inch Touchscreen, Wireless Charging, Ventilated Seats, Panoramic Sunroof, Premium Sound System",173,338,98267,3,9,60.7,42.8,6.0,9.7,5.3,8.3,8,12.0
205,Toyota,Glanza,LX,hatchback,2021,1076080,Petrol,18.0,Automatic,5,1000,80,105,4,"6 Airbags, ABS, EBD, ESP, Rear Parking Sensors, Hill Hold Control","Power Windows, Central Locking, Climate Control, Power Steering, Touchscreen Infotainment",161,283,25366,3,5,62.3,41.5,9.1,7.7,6.0,4.0,8,10.0
206,MG,Astor,ZX,suv,2024,3186328,Petrol,12.2,Automatic,7,2200,181,220,4,"6 Airbags, ABS, EBD, ESP, 360 Camera, ADAS, Hill Hold Control, TPMS, Electronic Stability Control","Dual Zone Climate Control, 10-inch Touchscreen, Wireless Charging, Ventilated Seats, Panoramic Sunroof, Premium Sound System",206,294,114341,3,7,62.9,51.0,7.7,8.2,4.1,9.1,8,12.0
207,Hyundai,Verna,LX,sedan,2021,1974977,Petrol,19.9,Manual,5,1600,115,152,3,"6 Airbags, ABS, EBD, ESP, 360 Camera, Hill Hold Control, TPMS","Automatic Climate Control, Touchscreen Infotainment, Wireless Charging, Cruise Control, Sunroof",187,509,74370,3,9,61.0,45.1,7.3,9.0,6.6,5.8,6,10.0
208,MG,Hector,Alpha,suv,2022,5154582,Diesel,19.9,Manual,7,2000,177,225,4,"6 Airbags, ABS, EBD, ESP, 360 Camera, ADAS, Hill Hold Control, TPMS, Electronic Stability Control","Dual Zone Climate Control, 10-inch Touchscreen, Wireless Charging, Ventilated Seats, Panoramic Sunroof, Premium Sound System",204,396,159816,5,7,69.4,46.7,6.8,9.5,6.6,8.8,8,12.0
209,Honda,Jazz,VX,hatchback,2022,750309,Petrol,23.8,Manual,5,1200,77,113,4,"Dual Airbags, ABS, EBD, Rear Parking Sensors","Power Windows, Central Locking, AC, Power Steering",161,367,20343,3,7,68.3,43.7,8.5,6.6,7.9,3.9,8,8.0
210,Hyundai,Tucson,Top,suv,2021,4185845,CNG,27.1,Manual,5,1500,199,242,5,"6 Airbags, ABS, EBD, ESP, 360 Camera, ADAS, Hill Hold Control, TPMS, Electronic Stability Control","Dual Zone Climate Control, 10-inch Touchscreen, Wireless Charging, Ventilated Seats, Panoramic Sunroof, Premium Sound System",202,311,118586,3,10,64.8,49.0,6.0,9.6,9.0,9.9,10,12.0
211,Honda,Jazz,Alpha,hatchback,2021,852554,Petrol,15.9,Automatic,5,1200,85,126,5,"Dual Airbags, ABS, EBD, Rear Parking Sensors","Power Windows, Central Locking, AC, Power Steering",173,324,30459,3,7,56.2,48.6,8.1,6.8,5.3,4.2,10,8.0
212,Renault,Triber,Top,mpv,2023,3195513,Petrol,14.4,CVT,7,1600,109,139,4,"6 Airbags, ABS, EBD, ESP, 360 Camera, ADAS, Hill Hold Control, TPMS, Electronic Stability Control","Dual Zone Climate Control, 10-inch Touchscreen, Wireless Charging, Ventilated Seats, Panoramic Sunroof, Premium Sound System",186,347,69636,5,8,60.5,42.9,6.7,9.3,4.8,5.5,8,12.0
213,Honda,City,SX,sedan,2021,1307595,Petrol,17.3,Manual,5,1600,103,128,5,"6 Airbags, ABS, EBD, ESP, Rear Parking Sensors, Hill Hold Control","Power Windows, Central Locking, Climate Control, Power Steering, Touchscreen Infotainment",188,413,32508,5,7,55.2,50.4,7.2,7.9,5.8,5.2,10,10.0
214,Maruti Suzuki,Grand Vitara,Alpha,suv,2021,6415089,Petrol,21.0,CVT,7,1500,148,203,4,"6 Airbags, ABS, EBD, ESP, 360 Camera, ADAS, Hill Hold Control, TPMS, Electronic Stability Control","Dual Zone Climate Control, 10-inch Touchscreen, Wireless Charging, Ventilated Seats, Panoramic Sunroof, Premium Sound System",182,265,150154,4,10,64.3,40.8,7.3,8.0,7.0,7.4,8,12.0
215,Kia,Carens,Mid,suv,2024,4477585,Diesel,18.8,Manual,7,2000,162,236,4,"6 Airbags, ABS, EBD, ESP, 360 Camera, ADAS, Hill Hold Control, TPMS, Electronic Stability Control","Dual Zone Climate Control, 10-inch Touchscreen, Wireless Charging, Ventilated Seats, Panoramic Sunroof, Premium Sound System",191,250,134385,4,10,55.3,43.7,7.1,8.7,6.3,8.1,8,12.0
216,Maruti Suzuki,Ertiga,ZX,suv,2021,6376242,Petrol,23.7,Automatic,5,2000,149,218,5,"6 Airbags, ABS, EBD, ESP, 360 Camera, ADAS, Hill Hold Control, TPMS, Electronic Stability Control","Dual Zone Climate Control, 10-inch Touchscreen, Wireless Charging, Ventilated Seats, Panoramic Sunroof, Premium Sound System",181,342,248560,3,7,68.5,49.9,6.2,8.8,7.9,7.5,10,12.0
217,Kia,Carens,SX,suv,2022,2876521,Petrol,13.7,Manual,5,2500,117,155,5,"6 Airbags, ABS, EBD, ESP, 360 Camera, ADAS, Hill Hold Control, TPMS, Electronic Stability Control","Dual Zone Climate Control, 10-inch Touchscreen, Wireless Charging, Ventilated Seats, Panoramic Sunroof, Premium Sound System",189,367,111208,3,5,63.4,54.2,6.2,8.6,4.6,5.8,10,12.0
218,Tata,Altroz,EX,hatchback,2022,858870,Diesel,21.3,Manual,5,800,68,85,5,"6 Airbags, ABS, EBD, ESP, Rear Parking Sensors, Hill Hold Control","Power Windows, Central Locking, AC, Power Steering",179,309,21143,3,5,65.3,47.1,9.0,7.2,7.1,3.4,10,8.0
219,Kia,Carens,Top,mpv,2024,3267871,Petrol,14.7,DCT,7,2200,128,182,5,"6 Airbags, ABS, EBD, ESP, 360 Camera, ADAS, Hill Hold Control, TPMS, Electronic Stability Control","Dual Zone Climate Control, 10-inch Touchscreen, Wireless Charging, Ventilated Seats, Panoramic Sunroof, Premium Sound System",189,252,69679,4,8,65.3,53.0,7.8,8.9,4.9,6.4,10,12.0
220,Maruti Suzuki,XL6,EX,mpv,2020,1201912,Petrol,20.9,AMT,7,2200,105,153,4,"6 Airbags, ABS, EBD, ESP, 360 Camera, Hill Hold Control, TPMS","Power Windows, Central Locking, Climate Control, Power Steering, Touchscreen Infotainment",182,299,36445,5,6,59.4,46.0,6.6,9.7,7.0,5.2,8,10.0
221,Kia,Sonet,Alpha,suv,2023,6060309,Diesel,21.6,Automatic,5,1600,199,273,5,"6 Airbags, ABS, EBD, ESP, 360 Camera, ADAS, Hill Hold Control, TPMS, Electronic Stability Control","Dual Zone Climate Control, 10-inch Touchscreen, Wireless Charging, Ventilated Seats, Panoramic Sunroof, Premium Sound System",214,234,168848,4,5,57.7,48.9,7.4,8.4,7.2,9.9,10,12.0
222,MG,Comet EV,ZX,hatchback,2024,1040967,Electric,438.3,Automatic,5,0,103,127,4,"6 Airbags, ABS, EBD, ESP, 360 Camera, Hill Hold Control, TPMS","Power Windows, Central Locking, Climate Control, Power Steering, Touchscreen Infotainment",176,348,35952,5,6,60.7,45.7,9.5,7.8,10.0,5.2,8,10.0
223,Tata,Tigor,Base,sedan,2023,1535871,Petrol,15.7,Manual,5,1600,91,112,3,"6 Airbags, ABS, EBD, ESP, Rear Parking Sensors, Hill Hold Control","Power Windows, Central Locking, Climate Control, Power Steering, Touchscreen Infotainment",184,464,31092,4,9,67.1,49.1,8.0,7.4,5.2,4.5,6,10.0
224,MG,Hector Plus,SX,mpv,2025,2191681,Petrol,19.2,Automatic,8,2500,126,153,3,"6 Airbags, ABS, EBD, ESP, 360 Camera, ADAS, Hill Hold Control, TPMS, Electronic Stability Control","Dual Zone Climate Control, 10-inch Touchscreen, Wireless Charging, Ventilated Seats, Panoramic Sunroof, Premium Sound System",185,289,45443,3,9,67.6,44.5,7.8,8.1,6.4,6.3,6,12.0
225,Tata,Nexon EV,Alpha,suv,2020,8542137,Electric,335.5,Automatic,7,0,172,254,3,"6 Airbags, ABS, EBD, ESP, 360 Camera, ADAS, Hill Hold Control, TPMS, Electronic Stability Control","Dual Zone Climate Control, 10-inch Touchscreen, Wireless Charging, Ventilated Seats, Panoramic Sunroof, Premium Sound System",199,282,233810,4,8,67.6,41.0,6.9,8.2,10.0,8.6,6,12.0
226,Honda,Elevate,Alpha,suv,2025,1937826,Petrol,12.7,DCT,7,2200,177,257,4,"6 Airbags, ABS, EBD, ESP, 360 Camera, Hill Hold Control, TPMS","Power Windows, Central Locking, Climate Control, Power Steering, Touchscreen Infotainment",219,344,57995,5,8,62.4,42.7,7.2,9.4,4.2,8.8,8,10.0
227,Hyundai,i20,Mid,hatchback,2022,959988,Petrol,14.5,Manual,5,1000,82,112,4,"Dual Airbags, ABS, EBD, Rear Parking Sensors","Power Windows, Central Locking, AC, Power Steering",169,315,34371,4,9,63.2,51.5,8.2,6.7,4.8,4.1,8,8.0
228,Tata,Tigor,ZX,sedan,2024,876942,Diesel,27.0,CVT,5,1500,89,123,5,"6 Airbags, ABS, EBD, ESP, Rear Parking Sensors, Hill Hold Control","Power Windows, Central Locking, Climate Control, Power Steering, Touchscreen Infotainment",190,505,33811,3,7,63.5,50.2,8.1,7.0,9.0,4.5,10,10.0
229,Nissan,Magnite,Mid,suv,2020,1105723,Diesel,19.4,AMT,5,2500,121,165,4,"6 Airbags, ABS, EBD, ESP, Rear Parking Sensors, Hill Hold Control","Automatic Climate Control, Touchscreen Infotainment, Wireless Charging, Cruise Control, Sunroof",200,381,22813,4,8,68.2,45.6,7.7,8.6,6.5,6.0,8,10.0
230,Renault,Kiger,Mid,suv,2020,1698341,Petrol,14.4,Automatic,7,1500,161,236,3,"6 Airbags, ABS, EBD, ESP, 360 Camera, Hill Hold Control, TPMS","Automatic Climate Control, Touchscreen Infotainment, Wireless Charging, Cruise Control, Sunroof",213,279,60309,3,9,65.2,42.0,7.4,8.9,4.8,8.1,6,10.0
231,Renault,Kwid,VX,hatchback,2022,538057,CNG,24.0,Automatic,5,1200,79,95,5,"Dual Airbags, ABS, EBD","Power Windows, Central Locking",180,303,14214,3,7,63.0,51.6,9.3,6.5,8.0,4.0,10,4.0
232,Tata,Punch,Base,suv,2024,1558786,Diesel,22.7,Automatic,5,2000,170,220,3,"6 Airbags, ABS, EBD, ESP, 360 Camera, Hill Hold Control, TPMS","Power Windows, Central Locking, Climate Control, Power Steering, Touchscreen Infotainment",190,218,40883,4,8,55.8,40.4,7.8,8.1,7.6,8.5,6,10.0
233,Nissan,Magnite,ZX,suv,2022,1766554,Diesel,24.6,CVT,7,1500,189,253,4,"6 Airbags, ABS, EBD, ESP, 360 Camera, Hill Hold Control, TPMS","Automatic Climate Control, Touchscreen Infotainment, Wireless Charging, Cruise Control, Sunroof",194,257,40408,5,7,60.9,50.5,7.3,9.6,8.2,9.4,8,10.0
234,Toyota,Innova Hycross,Base,mpv,2024,1273482,Hybrid,20.7,AMT,8,2200,121,155,4,"6 Airbags, ABS, EBD, ESP, Rear Parking Sensors, Hill Hold Control","Power Windows, Central Locking, Climate Control, Power Steering, Touchscreen Infotainment",177,382,45762,4,10,56.1,44.5,6.9,9.2,6.9,6.0,8,10.0
235,MG,Hector Plus,ZX,mpv,2023,3390877,Petrol,20.3,DCT,8,2500,188,238,4,"6 Airbags, ABS, EBD, ESP, 360 Camera, ADAS, Hill Hold Control, TPMS, Electronic Stability Control","Dual Zone Climate Control, 10-inch Touchscreen, Wireless Charging, Ventilated Seats, Panoramic Sunroof, Premium Sound System",167,389,130946,5,5,63.9,46.9,7.1,9.6,6.8,9.4,8,12.0
236,Tata,Safari,Mid,suv,2021,4460315,Petrol,19.2,AMT,5,1500,111,140,3,"6 Airbags, ABS, EBD, ESP, 360 Camera, ADAS, Hill Hold Control, TPMS, Electronic Stability Control","Dual Zone Climate Control, 10-inch Touchscreen, Wireless Charging, Ventilated Seats, Panoramic Sunroof, Premium Sound System",217,393,145953,3,10,57.2,48.0,6.8,9.2,6.4,5.6,6,12.0
237,Toyota,Hilux,EX,suv,2025,1811246,Diesel,27.0,Manual,7,2500,165,218,3,"6 Airbags, ABS, EBD, ESP, 360 Camera, Hill Hold Control, TPMS","Power Windows, Central Locking, Climate Control, Power Steering, Touchscreen Infotainment",203,340,71287,3,9,67.3,45.4,7.7,9.7,9.0,8.2,6,10.0
238,Mahindra,Marazzo,ZX,mpv,2021,3412914,Petrol,16.9,CVT,7,2200,117,147,4,"6 Airbags, ABS, EBD, ESP, 360 Camera, ADAS, Hill Hold Control, TPMS, Electronic Stability Control","Dual Zone Climate Control, 10-inch Touchscreen, Wireless Charging, Ventilated Seats, Panoramic Sunroof, Premium Sound System",176,306,78788,5,6,55.2,49.7,6.3,9.8,5.6,5.8,8,12.0
239,Hyundai,Verna,SX,sedan,2021,1863520,Diesel,23.5,Automatic,5,1500,115,166,4,"6 Airbags, ABS, EBD, ESP, Rear Parking Sensors, Hill Hold Control","Power Windows, Central Locking, Climate Control, Power Steering, Touchscreen Infotainment",178,401,58810,5,10,62.5,46.2,8.1,7.7,7.8,5.8,8,10.0
240,Maruti Suzuki,XL6,Mid,mpv,2020,1306180,Petrol,23.5,Automatic,7,2000,159,215,4,"6 Airbags, ABS, EBD, ESP, Rear Parking Sensors, Hill Hold Control","Power Windows, Central Locking, Climate Control, Power Steering, Touchscreen Infotainment",180,361,45499,5,10,64.5,52.0,6.6,8.1,7.8,8.0,8,10.0
241,Toyota,Glanza,SX,hatchback,2020,897140,Petrol,17.6,Manual,5,1000,78,97,4,"6 Airbags, ABS, EBD, ESP, Rear Parking Sensors, Hill Hold Control","Power Windows, Central Locking, Climate Control, Power Steering, Touchscreen Infotainment",161,371,28316,5,10,69.9,52.1,9.2,6.6,5.9,3.9,8,10.0
242,Hyundai,Aura,VX,sedan,2021,1412606,Petrol,19.4,Manual,5,1200,87,120,5,"6 Airbags, ABS, EBD, ESP, Rear Parking Sensors, Hill Hold Control","Automatic Climate Control, Touchscreen Infotainment, Wireless Charging, Cruise Control, Sunroof",176,444,35633,5,8,57.7,47.9,7.1,9.0,6.5,4.3,10,10.0
243,Tata,Tigor,EX,sedan,2022,1903917,Petrol,14.9,Manual,5,1200,116,164,4,"6 Airbags, ABS, EBD, ESP, 360 Camera, Hill Hold Control, TPMS","Power Windows, Central Locking, Climate Control, Power Steering, Touchscreen Infotainment",166,442,55747,4,8,66.2,51.3,8.1,7.8,5.0,5.8,8,10.0
244,Kia,Carens,Top,mpv,2024,2614666,Petrol,17.2,Manual,8,2000,167,234,3,"6 Airbags, ABS, EBD, ESP, 360 Camera, ADAS, Hill Hold Control, TPMS, Electronic Stability Control","Dual Zone Climate Control, 10-inch Touchscreen, Wireless Charging, Ventilated Seats, Panoramic Sunroof, Premium Sound System",182,363,70796,4,10,67.9,45.0,6.5,8.2,5.7,8.3,6,12.0
245,Renault,Kiger,ZX,suv,2020,1040440,Petrol,22.0,Automatic,7,2500,113,158,4,"6 Airbags, ABS, EBD, ESP, 360 Camera, Hill Hold Control, TPMS","Automatic Climate Control, Touchscreen Infotainment, Wireless Charging, Cruise Control, Sunroof",192,208,21301,3,9,64.8,52.5,7.9,9.3,7.3,5.6,8,10.0
246,Hyundai,Grand i10 Nios,Top,hatchback,2022,1291635,Petrol,21.2,Automatic,5,1200,71,90,4,"6 Airbags, ABS, EBD, ESP, Rear Parking Sensors, Hill Hold Control","Automatic Climate Control, Touchscreen Infotainment, Wireless Charging, Cruise Control, Sunroof",168,359,43714,5,7,57.4,41.1,9.6,6.8,7.1,3.5,8,10.0
247,Toyota,Glanza,VX,hatchback,2022,732499,Petrol,12.8,AMT,7,800,91,112,4,"6 Airbags, ABS, EBD, ESP, Rear Parking Sensors, Hill Hold Control","Power Windows, Central Locking, AC, Power Steering",179,277,28019,5,5,55.5,41.1,9.5,7.6,4.3,4.5,8,8.0
248,Maruti Suzuki,Ertiga,Base,mpv,2020,2183410,Diesel,19.2,Automatic,8,1500,165,233,5,"6 Airbags, ABS, EBD, ESP, 360 Camera, ADAS, Hill Hold Control, TPMS, Electronic Stability Control","Dual Zone Climate Control, 10-inch Touchscreen, Wireless Charging, Ventilated Seats, Panoramic Sunroof, Premium Sound System",180,311,61306,5,9,58.4,45.8,7.4,9.6,6.4,8.2,10,12.0
249,Hyundai,Alcazar,VX,suv,2025,1752682,Petrol,23.5,Automatic,5,2000,110,159,5,"6 Airbags, ABS, EBD, ESP, 360 Camera, Hill Hold Control, TPMS","Power Windows, Central Locking, Climate Control, Power Steering, Touchscreen Infotainment",191,341,36432,4,6,59.5,45.9,6.2,9.4,7.8,5.5,10,10.0
250,MG,Comet EV,LX,hatchback,2020,927806,Electric,328.0,Automatic,5,0,231,293,4,"6 Airbags, ABS, EBD, ESP, Rear Parking Sensors, Hill Hold Control","Power Windows, Central Locking, Climate Control, Power Steering, Touchscreen Infotainment",177,365,36491,3,7,55.8,51.8,8.1,6.2,10.0,10.0,8,10.0
251,Renault,Triber,LX,mpv,2020,3135630,CNG,28.8,AMT,7,2500,105,133,4,"6 Airbags, ABS, EBD, ESP, 360 Camera, ADAS, Hill Hold Control, TPMS, Electronic Stability Control","Dual Zone Climate Control, 10-inch Touchscreen, Wireless Charging, Ventilated Seats, Panoramic Sunroof, Premium Sound System",165,244,102388,4,8,64.2,52.5,6.1,9.6,9.6,5.2,8,12.0
252,Hyundai,Verna,ZX,sedan,2023,2268243,Diesel,19.9,CVT,5,1500,93,132,4,"6 Airbags, ABS, EBD, ESP, 360 Camera, ADAS, Hill Hold Control, TPMS, Electronic Stability Control","Dual Zone Climate Control, 10-inch Touchscreen, Wireless Charging, Ventilated Seats, Panoramic Sunroof, Premium Sound System",175,416,50842,3,6,65.4,48.3,7.9,8.9,6.6,4.7,8,12.0
253,Maruti Suzuki,Dzire,EX,sedan,2025,2026555,Petrol,12.2,Manual,5,1200,80,100,3,"6 Airbags, ABS, EBD, ESP, 360 Camera, ADAS, Hill Hold Control, TPMS, Electronic Stability Control","Dual Zone Climate Control, 10-inch Touchscreen, Wireless Charging, Ventilated Seats, Panoramic Sunroof, Premium Sound System",185,472,57401,4,6,58.1,49.6,8.0,7.8,4.1,4.0,6,12.0
254,Tata,Tiago,SX,hatchback,2025,858996,Petrol,13.1,AMT,5,800,95,120,3,"Dual Airbags, ABS, EBD, Rear Parking Sensors","Power Windows, Central Locking, Climate Control, Power Steering, Touchscreen Infotainment",177,379,20947,5,6,59.1,42.9,9.6,7.4,4.4,4.8,6,10.0
255,MG,Hector Plus,Top,mpv,2020,3025796,Petrol,12.5,CVT,8,2200,132,171,5,"6 Airbags, ABS, EBD, ESP, 360 Camera, ADAS, Hill Hold Control, TPMS, Electronic Stability Control","Dual Zone Climate Control, 10-inch Touchscreen, Wireless Charging, Ventilated Seats, Panoramic Sunroof, Premium Sound System",189,316,63137,5,9,57.6,51.8,7.0,8.2,4.2,6.6,10,12.0
256,Mahindra,Marazzo,EX,mpv,2023,2707526,Petrol,20.1,Manual,7,2000,129,158,5,"6 Airbags, ABS, EBD, ESP, 360 Camera, ADAS, Hill Hold Control, TPMS, Electronic Stability Control","Dual Zone Climate Control, 10-inch Touchscreen, Wireless Charging, Ventilated Seats, Panoramic Sunroof, Premium Sound System",171,296,102418,3,9,62.3,53.4,6.3,9.9,6.7,6.5,10,12.0
257,Kia,Seltos,SX,suv,2023,3554833,Diesel,23.6,Manual,5,1600,104,146,3,"6 Airbags, ABS, EBD, ESP, 360 Camera, ADAS, Hill Hold Control, TPMS, Electronic Stability Control","Dual Zone Climate Control, 10-inch Touchscreen, Wireless Charging, Ventilated Seats, Panoramic Sunroof, Premium Sound System",188,228,131646,4,6,66.4,43.3,6.6,8.3,7.9,5.2,6,12.0
258,Renault,Triber,SX,mpv,2023,3114750,Diesel,16.2,Manual,7,2000,155,212,5,"6 Airbags, ABS, EBD, ESP, 360 Camera, ADAS, Hill Hold Control, TPMS, Electronic Stability Control","Dual Zone Climate Control, 10-inch Touchscreen, Wireless Charging, Ventilated Seats, Panoramic Sunroof, Premium Sound System",183,238,119217,3,5,55.6,47.1,7.5,8.1,5.4,7.8,10,12.0
259,Renault,Triber,Mid,mpv,2023,979920,Petrol,14.9,Manual,8,1600,145,186,4,"Dual Airbags, ABS, EBD, Rear Parking Sensors","Power Windows, Central Locking, AC, Power Steering",180,371,25572,5,9,66.2,40.4,6.9,9.5,5.0,7.2,8,8.0
260,Toyota,Innova Crysta,Mid,mpv,2024,1077794,Petrol,20.3,AMT,8,2000,189,280,4,"6 Airbags, ABS, EBD, ESP, Rear Parking Sensors, Hill Hold Control","Power Windows, Central Locking, Climate Control, Power Steering, Touchscreen Infotainment",184,285,37415,3,10,60.5,40.8,6.8,8.9,6.8,9.4,8,10.0
261,Maruti Suzuki,Ertiga,Top,suv,2021,3142428,Petrol,18.7,DCT,5,1600,169,208,4,"6 Airbags, ABS, EBD, ESP, 360 Camera, ADAS, Hill Hold Control, TPMS, Electronic Stability Control","Dual Zone Climate Control, 10-inch Touchscreen, Wireless Charging, Ventilated Seats, Panoramic Sunroof, Premium Sound System",217,379,76033,5,7,60.3,44.0,7.4,8.6,6.2,8.4,8,12.0
262,Hyundai,Alcazar,SX,suv,2020,3782029,Petrol,13.5,Automatic,7,2000,186,275,5,"6 Airbags, ABS, EBD, ESP, 360 Camera, ADAS, Hill Hold Control, TPMS, Electronic Stability Control","Dual Zone Climate Control, 10-inch Touchscreen, Wireless Charging, Ventilated Seats, Panoramic Sunroof, Premium Sound System",184,248,143104,4,5,60.9,42.7,7.9,8.2,4.5,9.3,10,12.0
263,Tata,Punch,Top,suv,2024,2349782,CNG,23.5,DCT,7,2200,156,221,3,"6 Airbags, ABS, EBD, ESP, 360 Camera, ADAS, Hill Hold Control, TPMS, Electronic Stability Control","Dual Zone Climate Control, 10-inch Touchscreen, Wireless Charging, Ventilated Seats, Panoramic Sunroof, Premium Sound System",192,216,48031,3,10,60.0,48.7,7.3,9.6,7.8,7.8,6,12.0
264,MG,Hector Plus,VX,mpv,2021,2502639,Petrol,22.8,Manual,7,1600,161,211,4,"6 Airbags, ABS, EBD, ESP, 360 Camera, ADAS, Hill Hold Control, TPMS, Electronic Stability Control","Dual Zone Climate Control, 10-inch Touchscreen, Wireless Charging, Ventilated Seats, Panoramic Sunroof, Premium Sound System",166,237,67727,4,9,68.9,50.7,6.6,9.9,7.6,8.1,8,12.0
265,Tata,Tigor,Mid,sedan,2021,995019,Petrol,15.8,AMT,5,1500,103,129,4,"Dual Airbags, ABS, EBD, Rear Parking Sensors","Power Windows, Central Locking, Climate Control, Power Steering, Touchscreen Infotainment",176,437,27321,5,9,59.5,53.8,7.8,8.0,5.3,5.2,8,10.0
266,Maruti Suzuki,Ertiga,SX,suv,2022,2320590,Diesel,27.6,AMT,7,2000,188,231,4,"6 Airbags, ABS, EBD, ESP, 360 Camera, ADAS, Hill Hold Control, TPMS, Electronic Stability Control","Dual Zone Climate Control, 10-inch Touchscreen, Wireless Charging, Ventilated Seats, Panoramic Sunroof, Premium Sound System",182,235,77879,3,5,61.0,52.6,6.9,8.2,9.2,9.4,8,12.0
267,Maruti Suzuki,Dzire,VX,sedan,2022,1841031,Petrol,13.0,Manual,5,1600,105,132,4,"6 Airbags, ABS, EBD, ESP, Rear Parking Sensors, Hill Hold Control","Automatic Climate Control, Touchscreen Infotainment, Wireless Charging, Cruise Control, Sunroof",177,437,63182,4,8,60.6,44.3,7.7,9.0,4.3,5.2,8,10.0
268,Renault,Kwid,SX,hatchback,2022,1036798,Petrol,17.0,Manual,5,1200,87,123,4,"6 Airbags, ABS, EBD, ESP, Rear Parking Sensors, Hill Hold Control","Power Windows, Central Locking, Climate Control, Power Steering, Touchscreen Infotainment",166,327,30577,5,5,69.0,48.9,8.8,6.0,5.7,4.3,8,10.0
269,Kia,EV6,Base,suv,2022,4526620,Electric,464.6,Automatic,7,0,157,211,5,"6 Airbags, ABS, EBD, ESP, 360 Camera, ADAS, Hill Hold Control, TPMS, Electronic Stability Control","Dual Zone Climate Control, 10-inch Touchscreen, Wireless Charging, Ventilated Seats, Panoramic Sunroof, Premium Sound System",194,206,162163,3,7,69.3,52.5,6.9,9.3,10.0,7.9,10,12.0
270,Hyundai,Tucson,Mid,suv,2022,5011708,Petrol,17.8,AMT,5,1500,147,199,4,"6 Airbags, ABS, EBD, ESP, 360 Camera, ADAS, Hill Hold Control, TPMS, Electronic Stability Control","Dual Zone Climate Control, 10-inch Touchscreen, Wireless Charging, Ventilated Seats, Panoramic Sunroof, Premium Sound System",196,241,158535,3,8,68.2,42.0,6.3,8.5,5.9,7.3,8,12.0
271,Kia,Sonet,VX,suv,2025,2791003,Petrol,12.9,Manual,5,2500,196,245,4,"6 Airbags, ABS, EBD, ESP, 360 Camera, ADAS, Hill Hold Control, TPMS, Electronic Stability Control","Dual Zone Climate Control, 10-inch Touchscreen, Wireless Charging, Ventilated Seats, Panoramic Sunroof, Premium Sound System",200,375,100469,4,10,65.3,41.4,7.2,9.6,4.3,9.8,8,12.0
272,Maruti Suzuki,Ciaz,ZX,sedan,2020,1224464,Petrol,16.9,Automatic,5,1200,89,120,5,"6 Airbags, ABS, EBD, ESP, Rear Parking Sensors, Hill Hold Control","Automatic Climate Control, Touchscreen Infotainment, Wireless Charging, Cruise Control, Sunroof",179,419,27343,3,8,60.2,50.4,7.3,7.9,5.6,4.5,10,10.0
273,Nissan,Magnite,VX,suv,2023,2273035,CNG,21.5,Manual,5,1600,126,156,3,"6 Airbags, ABS, EBD, ESP, 360 Camera, ADAS, Hill Hold Control, TPMS, Electronic Stability Control","Dual Zone Climate Control, 10-inch Touchscreen, Wireless Charging, Ventilated Seats, Panoramic Sunroof, Premium Sound System",187,219,46315,4,5,57.9,40.5,7.3,9.2,7.2,6.3,6,12.0
274,MG,Comet EV,Base,hatchback,2020,575079,Electric,313.2,Automatic,5,0,111,163,4,"Dual Airbags, ABS, EBD","Power Windows, Central Locking",166,297,19214,3,6,67.7,54.1,9.9,6.7,10.0,5.6,8,4.0
275,Tata,Tigor,Mid,sedan,2020,1151959,CNG,26.3,Manual,5,1200,114,136,5,"6 Airbags, ABS, EBD, ESP, Rear Parking Sensors, Hill Hold Control","Automatic Climate Control, Touchscreen Infotainment, Wireless Charging, Cruise Control, Sunroof",176,550,27304,5,6,67.5,54.7,7.8,8.0,8.8,5.7,10,10.0
276,Toyota,Glanza,Mid,hatchback,2021,895617,Petrol,17.9,Automatic,5,1200,62,75,4,"6 Airbags, ABS, EBD, ESP, Rear Parking Sensors, Hill Hold Control","Power Windows, Central Locking, Climate Control, Power Steering, Touchscreen Infotainment",174,329,30218,4,9,61.1,54.8,8.9,7.7,6.0,3.1,8,10.0
277,MG,Astor,Base,suv,2020,1582245,Diesel,21.9,AMT,7,2500,184,258,3,"6 Airbags, ABS, EBD, ESP, 360 Camera, Hill Hold Control, TPMS","Automatic Climate Control, Touchscreen Infotainment, Wireless Charging, Cruise Control, Sunroof",217,226,55107,3,7,69.6,45.1,7.2,10.0,7.3,9.2,6,10.0
278,Hyundai,Verna,SX,sedan,2023,1406958,Petrol,20.6,AMT,5,1500,110,154,5,"6 Airbags, ABS, EBD, ESP, 360 Camera, Hill Hold Control, TPMS","Automatic Climate Control, Touchscreen Infotainment, Wireless Charging, Cruise Control, Sunroof",169,516,31179,4,8,58.5,54.1,7.1,8.5,6.9,5.5,10,10.0
279,Maruti Suzuki,Ciaz,ZX,sedan,2024,1042633,Petrol,19.5,Automatic,5,1600,113,161,5,"6 Airbags, ABS, EBD, ESP, Rear Parking Sensors, Hill Hold Control","Automatic Climate Control, Touchscreen Infotainment, Wireless Charging, Cruise Control, Sunroof",186,527,31075,4,7,67.1,48.1,7.0,8.5,6.5,5.6,10,10.0
280,Kia,Carens,EX,mpv,2025,1927303,Petrol,12.4,Manual,8,2200,155,192,5,"6 Airbags, ABS, EBD, ESP, 360 Camera, Hill Hold Control, TPMS","Power Windows, Central Locking, Climate Control, Power Steering, Touchscreen Infotainment",183,372,57454,5,9,63.6,47.1,7.7,9.0,4.1,7.8,10,10.0
281,Kia,EV6,EX,suv,2024,6403593,Electric,423.4,Automatic,5,0,162,197,4,"6 Airbags, ABS, EBD, ESP, 360 Camera, ADAS, Hill Hold Control, TPMS, Electronic Stability Control","Dual Zone Climate Control, 10-inch Touchscreen, Wireless Charging, Ventilated Seats, Panoramic Sunroof, Premium Sound System",188,293,172753,5,5,66.5,49.4,6.8,8.9,10.0,8.1,8,12.0
282,Toyota,Innova Hycross,Base,mpv,2020,1838568,Hybrid,26.6,Manual,7,2500,110,162,3,"6 Airbags, ABS, EBD, ESP, 360 Camera, Hill Hold Control, TPMS","Power Windows, Central Locking, Climate Control, Power Steering, Touchscreen Infotainment",175,243,37496,4,8,64.9,46.3,7.0,8.8,8.9,5.5,6,10.0
283,Maruti Suzuki,Ertiga,ZX,mpv,2021,1572858,Petrol,16.7,Automatic,8,1600,143,192,5,"6 Airbags, ABS, EBD, ESP, 360 Camera, Hill Hold Control, TPMS","Power Windows, Central Locking, Climate Control, Power Steering, Touchscreen Infotainment",184,276,42886,4,8,64.5,54.6,6.2,9.7,5.6,7.1,10,10.0
284,Mahindra,Scorpio,Base,suv,2022,1471398,Petrol,21.7,Manual,7,2500,143,183,4,"6 Airbags, ABS, EBD, ESP, 360 Camera, Hill Hold Control, TPMS","Automatic Climate Control, Touchscreen Infotainment, Wireless Charging, Cruise Control, Sunroof",193,288,52842,5,9,67.1,46.5,7.1,8.4,7.2,7.1,8,10.0
285,Kia,EV6,Alpha,suv,2024,1617943,Electric,336.1,Automatic,7,0,127,174,4,"6 Airbags, ABS, EBD, ESP, 360 Camera, Hill Hold Control, TPMS","Automatic Climate Control, Touchscreen Infotainment, Wireless Charging, Cruise Control, Sunroof",220,336,58535,4,10,64.4,47.8,6.7,8.3,10.0,6.3,8,10.0
286,Tata,Safari,EX,suv,2021,5199728,CNG,27.6,Manual,5,1600,132,185,4,"6 Airbags, ABS, EBD, ESP, 360 Camera, ADAS, Hill Hold Control, TPMS, Electronic Stability Control","Dual Zone Climate Control, 10-inch Touchscreen, Wireless Charging, Ventilated Seats, Panoramic Sunroof, Premium Sound System",195,229,119589,3,7,62.0,48.4,6.9,9.3,9.2,6.6,8,12.0
287,Maruti Suzuki,Dzire,VX,sedan,2023,1419036,Petrol,15.1,Automatic,5,1200,82,122,4,"6 Airbags, ABS, EBD, ESP, Rear Parking Sensors, Hill Hold Control","Power Windows, Central Locking, Climate Control, Power Steering, Touchscreen Infotainment",167,480,45454,3,7,65.1,53.3,7.8,8.7,5.0,4.1,8,10.0
288,Tata,Tigor,Alpha,sedan,2021,1065507,Diesel,22.0,CVT,5,1600,87,124,4,"6 Airbags, ABS, EBD, ESP, 360 Camera, Hill Hold Control, TPMS","Power Windows, Central Locking, Climate Control, Power Steering, Touchscreen Infotainment",178,455,24384,3,7,61.6,43.8,8.2,8.0,7.3,4.3,8,10.0
289,Toyota,Glanza,Alpha,hatchback,2025,933152,Petrol,20.2,DCT,5,1000,83,120,3,"Dual Airbags, ABS, EBD, Rear Parking Sensors","Power Windows, Central Locking, AC, Power Steering",167,314,28978,4,10,60.4,52.2,8.2,7.7,6.7,4.1,6,8.0
290,MG,Hector Plus,EX,mpv,2022,2234490,Diesel,19.6,Manual,8,1600,156,216,5,"6 Airbags, ABS, EBD, ESP, 360 Camera, ADAS, Hill Hold Control, TPMS, Electronic Stability Control","Dual Zone Climate Control, 10-inch Touchscreen, Wireless Charging, Ventilated Seats, Panoramic Sunroof, Premium Sound System",189,364,62846,3,5,67.3,54.1,6.9,8.8,6.5,7.8,10,12.0
291,Toyota,Innova Crysta,Top,mpv,2021,2958529,Petrol,18.1,DCT,8,2200,188,227,3,"6 Airbags, ABS, EBD, ESP, 360 Camera, ADAS, Hill Hold Control, TPMS, Electronic Stability Control","Dual Zone Climate Control, 10-inch Touchscreen, Wireless Charging, Ventilated Seats, Panoramic Sunroof, Premium Sound System",185,247,96457,5,5,61.0,49.4,6.6,8.2,6.0,9.4,6,12.0
292,Tata,Tigor,EX,sedan,2022,2004006,Petrol,15.8,Manual,5,1500,91,127,5,"6 Airbags, ABS, EBD, ESP, 360 Camera, ADAS, Hill Hold Control, TPMS, Electronic Stability Control","Dual Zone Climate Control, 10-inch Touchscreen, Wireless Charging, Ventilated Seats, Panoramic Sunroof, Premium Sound System",190,472,48042,4,6,60.9,45.7,8.7,8.1,5.3,4.5,10,12.0
293,Maruti Suzuki,Ignis,LX,hatchback,2023,634648,Diesel,18.4,AMT,5,1200,87,120,3,"6 Airbags, ABS, EBD, ESP, Rear Parking Sensors, Hill Hold Control","Power Windows, Central Locking, AC, Power Steering",178,280,12872,5,8,67.4,47.4,8.4,6.4,6.1,4.3,6,8.0
294,Honda,Elevate,EX,suv,2022,3842126,CNG,31.9,AMT,5,1600,152,218,3,"6 Airbags, ABS, EBD, ESP, 360 Camera, ADAS, Hill Hold Control, TPMS, Electronic Stability Control","Dual Zone Climate Control, 10-inch Touchscreen, Wireless Charging, Ventilated Seats, Panoramic Sunroof, Premium Sound System",196,260,124306,3,9,65.3,46.9,6.0,8.3,10.0,7.6,6,12.0
295,Toyota,Innova Crysta,EX,mpv,2024,2343360,Petrol,20.8,Manual,7,2500,107,130,5,"6 Airbags, ABS, EBD, ESP, 360 Camera, ADAS, Hill Hold Control, TPMS, Electronic Stability Control","Dual Zone Climate Control, 10-inch Touchscreen, Wireless Charging, Ventilated Seats, Panoramic Sunroof, Premium Sound System",180,290,93581,5,10,66.2,40.7,6.5,9.2,6.9,5.4,10,12.0
296,Renault,Kwid,VX,hatchback,2022,906782,Petrol,17.9,Manual,5,800,80,113,4,"6 Airbags, ABS, EBD, ESP, Rear Parking Sensors, Hill Hold Control","Power Windows, Central Locking, AC, Power Steering",170,261,35881,4,10,60.4,46.5,9.8,6.5,6.0,4.0,8,8.0
297,Honda,Elevate,Top,suv,2020,5708170,CNG,26.7,CVT,5,1600,106,134,3,"6 Airbags, ABS, EBD, ESP, 360 Camera, ADAS, Hill Hold Control, TPMS, Electronic Stability Control","Dual Zone Climate Control, 10-inch Touchscreen, Wireless Charging, Ventilated Seats, Panoramic Sunroof, Premium Sound System",196,241,194758,4,8,55.6,45.3,7.4,9.0,8.9,5.3,6,12.0
298,MG,Comet EV,Mid,hatchback,2021,987943,Electric,369.9,Automatic,5,0,126,182,5,"6 Airbags, ABS, EBD, ESP, Rear Parking Sensors, Hill Hold Control","Power Windows, Central Locking, AC, Power Steering",178,251,30152,5,8,68.8,43.7,9.0,6.2,10.0,6.3,10,8.0
299,Toyota,Glanza,Mid,hatchback,2024,587905,Petrol,19.1,Manual,5,800,65,86,5,"Dual Airbags, ABS, EBD","Power Windows, Central Locking",175,366,19146,4,10,55.1,54.5,9.3,7.9,6.4,3.2,10,4.0
300,Honda,Elevate,Mid,suv,2025,3266539,Petrol,13.1,Manual,5,2200,111,133,4,"6 Airbags, ABS, EBD, ESP, 360 Camera, ADAS, Hill Hold Control, TPMS, Electronic Stability Control","Dual Zone Climate Control, 10-inch Touchscreen, Wireless Charging, Ventilated Seats, Panoramic Sunroof, Premium Sound System",204,399,91619,5,6,56.8,47.4,6.9,9.6,4.4,5.6,8,12.0
301,Honda,City,Mid,sedan,2020,1625964,CNG,25.9,AMT,5,1500,116,160,3,"6 Airbags, ABS, EBD, ESP, 360 Camera, Hill Hold Control, TPMS","Automatic Climate Control, Touchscreen Infotainment, Wireless Charging, Cruise Control, Sunroof",184,447,46636,4,5,62.7,54.6,8.4,8.3,8.6,5.8,6,10.0
302,Renault,Kwid,SX,hatchback,2020,1080973,Petrol,22.9,Manual,5,800,79,114,4,"6 Airbags, ABS, EBD, ESP, 360 Camera, Hill Hold Control, TPMS","Power Windows, Central Locking, Climate Control, Power Steering, Touchscreen Infotainment",177,269,41451,5,9,61.4,41.4,9.3,7.1,7.6,4.0,8,10.0
303,Honda,Elevate,Mid,suv,2025,5270346,Diesel,16.2,Manual,5,2200,105,128,5,"6 Airbags, ABS, EBD, ESP, 360 Camera, ADAS, Hill Hold Control, TPMS, Electronic Stability Control","Dual Zone Climate Control, 10-inch Touchscreen, Wireless Charging, Ventilated Seats, Panoramic Sunroof, Premium Sound System",199,280,167302,4,8,64.4,44.0,7.9,9.7,5.4,5.2,10,12.0
304,Tata,Tigor,Mid,sedan,2024,946439,Petrol,19.2,AMT,5,1600,81,97,3,"Dual Airbags, ABS, EBD, Rear Parking Sensors","Power Windows, Central Locking, Climate Control, Power Steering, Touchscreen Infotainment",179,503,35373,5,10,62.3,49.3,8.9,7.7,6.4,4.1,6,10.0
305,Kia,Sonet,Top,suv,2023,2962586,Petrol,21.8,CVT,5,2200,183,227,4,"6 Airbags, ABS, EBD, ESP, 360 Camera, ADAS, Hill Hold Control, TPMS, Electronic Stability Control","Dual Zone Climate Control, 10-inch Touchscreen, Wireless Charging, Ventilated Seats, Panoramic Sunroof, Premium Sound System",220,337,70563,4,6,62.1,40.3,6.3,8.3,7.3,9.2,8,12.0
306,MG,Hector Plus,Base,mpv,2025,2443048,CNG,22.4,Manual,7,1500,113,156,5,"6 Airbags, ABS, EBD, ESP, 360 Camera, ADAS, Hill Hold Control, TPMS, Electronic Stability Control","Dual Zone Climate Control, 10-inch Touchscreen, Wireless Charging, Ventilated Seats, Panoramic Sunroof, Premium Sound System",178,326,84875,5,9,70.0,40.6,6.8,9.0,7.5,5.6,10,12.0
307,Renault,Kwid,ZX,hatchback,2022,1088620,Petrol,15.2,Automatic,5,1000,99,146,4,"6 Airbags, ABS, EBD, ESP, 360 Camera, Hill Hold Control, TPMS","Power Windows, Central Locking, Climate Control, Power Steering, Touchscreen Infotainment",165,323,37583,4,8,58.5,43.3,9.8,6.7,5.1,5.0,8,10.0
308,Tata,Safari,EX,suv,2024,4652552,Diesel,24.1,Manual,7,2500,126,161,5,"6 Airbags, ABS, EBD, ESP, 360 Camera, ADAS, Hill Hold Control, TPMS, Electronic Stability Control","Dual Zone Climate Control, 10-inch Touchscreen, Wireless Charging, Ventilated Seats, Panoramic Sunroof, Premium Sound System",210,233,109175,3,8,56.5,46.2,8.0,8.6,8.0,6.3,10,12.0
309,Maruti Suzuki,Ertiga,ZX,suv,2022,6400533,Petrol,22.3,Automatic,5,2000,155,191,4,"6 Airbags, ABS, EBD, ESP, 360 Camera, ADAS, Hill Hold Control, TPMS, Electronic Stability Control","Dual Zone Climate Control, 10-inch Touchscreen, Wireless Charging, Ventilated Seats, Panoramic Sunroof, Premium Sound System",215,257,190270,4,5,66.6,48.4,7.8,9.7,7.4,7.8,8,12.0
310,Renault,Kwid,SX,hatchback,2021,619582,Petrol,23.6,Automatic,5,1200,66,95,3,"Dual Airbags, ABS, EBD, Rear Parking Sensors","Power Windows, Central Locking, AC, Power Steering",180,280,23183,4,10,59.4,46.6,9.0,7.5,7.9,3.3,6,8.0
311,Hyundai,Verna,ZX,sedan,2022,1977140,CNG,30.2,Manual,5,1200,95,137,4,"6 Airbags, ABS, EBD, ESP, 360 Camera, Hill Hold Control, TPMS","Power Windows, Central Locking, Climate Control, Power Steering, Touchscreen Infotainment",167,468,54269,4,10,65.0,42.3,8.5,7.8,10.0,4.8,8,10.0
312,Kia,Carens,SX,mpv,2020,3187570,Diesel,27.3,Manual,7,2500,108,132,4,"6 Airbags, ABS, EBD, ESP, 360 Camera, ADAS, Hill Hold Control, TPMS, Electronic Stability Control","Dual Zone Climate Control, 10-inch Touchscreen, Wireless Charging, Ventilated Seats, Panoramic Sunroof, Premium Sound System",189,242,91424,4,10,68.8,42.3,7.1,10.0,9.1,5.4,8,12.0
313,Renault,Duster,EX,suv,2021,4066057,Diesel,24.4,Manual,5,1500,135,198,4,"6 Airbags, ABS, EBD, ESP, 360 Camera, ADAS, Hill Hold Control, TPMS, Electronic Stability Control","Dual Zone Climate Control, 10-inch Touchscreen, Wireless Charging, Ventilated Seats, Panoramic Sunroof, Premium Sound System",189,379,114169,5,9,64.4,49.3,6.9,8.7,8.1,6.8,8,12.0
314,Honda,Jazz,Alpha,hatchback,2024,718370,Petrol,20.7,DCT,7,800,65,87,4,"6 Airbags, ABS, EBD, ESP, Rear Parking Sensors, Hill Hold Control","Power Windows, Central Locking, AC, Power Steering",160,257,27158,5,7,58.6,51.6,9.5,8.0,6.9,3.2,8,8.0
315,Hyundai,i20,VX,hatchback,2025,540061,Petrol,16.3,AMT,5,1000,96,136,4,"Dual Airbags, ABS, EBD","Power Windows, Central Locking",167,398,16910,5,9,67.7,43.5,8.6,7.3,5.4,4.8,8,4.0
316,Hyundai,Kona Electric,LX,suv,2021,5745017,Electric,464.6,Automatic,7,0,105,130,4,"6 Airbags, ABS, EBD, ESP, 360 Camera, ADAS, Hill Hold Control, TPMS, Electronic Stability Control","Dual Zone Climate Control, 10-inch Touchscreen, Wireless Charging, Ventilated Seats, Panoramic Sunroof, Premium Sound System",206,220,125499,4,8,58.2,41.2,7.4,8.8,10.0,5.2,8,12.0
317,Renault,Triber,SX,mpv,2020,3423940,Petrol,24.0,Manual,8,1600,164,203,5,"6 Airbags, ABS, EBD, ESP, 360 Camera, ADAS, Hill Hold Control, TPMS, Electronic Stability Control","Dual Zone Climate Control, 10-inch Touchscreen, Wireless Charging, Ventilated Seats, Panoramic Sunroof, Premium Sound System",169,380,103621,5,10,58.2,47.1,7.5,9.9,8.0,8.2,10,12.0
318,Toyota,Glanza,Mid,hatchback,2021,508573,Petrol,18.9,Manual,7,800,83,107,4,"Dual Airbags, ABS, EBD","Power Windows, Central Locking",169,374,10456,3,9,61.3,54.1,8.6,6.6,6.3,4.1,8,4.0
319,Maruti Suzuki,Ignis,ZX,hatchback,2025,1175915,Petrol,12.5,DCT,7,1200,88,129,5,"6 Airbags, ABS, EBD, ESP, 360 Camera, Hill Hold Control, TPMS","Power Windows, Central Locking, Climate Control, Power Steering, Touchscreen Infotainment",164,379,38486,4,8,57.2,50.9,8.2,7.2,4.2,4.4,10,10.0
320,Kia,Sonet,SX,suv,2024,2507132,Diesel,23.8,Automatic,5,2000,171,238,4,"6 Airbags, ABS, EBD, ESP, 360 Camera, ADAS, Hill Hold Control, TPMS, Electronic Stability Control","Dual Zone Climate Control, 10-inch Touchscreen, Wireless Charging, Ventilated Seats, Panoramic Sunroof, Premium Sound System",185,249,98037,5,5,69.4,47.8,7.5,9.0,7.9,8.6,8,12.0
321,Maruti Suzuki,WagonR,Alpha,hatchback,2020,831332,Petrol,12.2,Manual,5,800,94,129,4,"Dual Airbags, ABS, EBD, Rear Parking Sensors","Power Windows, Central Locking, Climate Control, Power Steering, Touchscreen Infotainment",160,337,23892,4,9,59.8,43.9,8.2,6.2,4.1,4.7,8,10.0
322,Tata,Nexon,Top,suv,2023,5351426,Petrol,15.7,Automatic,5,2500,141,176,5,"6 Airbags, ABS, EBD, ESP, 360 Camera, ADAS, Hill Hold Control, TPMS, Electronic Stability Control","Dual Zone Climate Control, 10-inch Touchscreen, Wireless Charging, Ventilated Seats, Panoramic Sunroof, Premium Sound System",199,299,117596,3,7,58.9,54.1,7.8,8.1,5.2,7.0,10,12.0
323,MG,Hector Plus,VX,mpv,2025,3008882,Petrol,17.6,AMT,7,1500,152,211,5,"6 Airbags, ABS, EBD, ESP, 360 Camera, ADAS, Hill Hold Control, TPMS, Electronic Stability Control","Dual Zone Climate Control, 10-inch Touchscreen, Wireless Charging, Ventilated Seats, Panoramic Sunroof, Premium Sound System",165,268,93520,5,5,58.7,48.3,7.6,8.6,5.9,7.6,10,12.0
324,Kia,Carens,Alpha,mpv,2022,3193769,Petrol,23.6,CVT,7,2500,154,229,4,"6 Airbags, ABS, EBD, ESP, 360 Camera, ADAS, Hill Hold Control, TPMS, Electronic Stability Control","Dual Zone Climate Control, 10-inch Touchscreen, Wireless Charging, Ventilated Seats, Panoramic Sunroof, Premium Sound System",166,200,115783,5,10,69.6,40.0,7.9,9.0,7.9,7.7,8,12.0
325,Nissan,Magnite,ZX,suv,2025,6475228,Diesel,18.6,Automatic,5,1600,194,263,3,"6 Airbags, ABS, EBD, ESP, 360 Camera, ADAS, Hill Hold Control, TPMS, Electronic Stability Control","Dual Zone Climate Control, 10-inch Touchscreen, Wireless Charging, Ventilated Seats, Panoramic Sunroof, Premium Sound System",185,301,219954,3,9,70.0,53.2,6.4,9.0,6.2,9.7,6,12.0
326,Toyota,Hilux,SX,suv,2025,2960209,Petrol,15.9,Automatic,7,2000,102,150,3,"6 Airbags, ABS, EBD, ESP, 360 Camera, ADAS, Hill Hold Control, TPMS, Electronic Stability Control","Dual Zone Climate Control, 10-inch Touchscreen, Wireless Charging, Ventilated Seats, Panoramic Sunroof, Premium Sound System",180,355,87416,3,6,61.2,53.4,7.4,9.5,5.3,5.1,6,12.0
327,Renault,Kwid,Alpha,hatchback,2020,1170181,Petrol,22.0,DCT,5,1000,98,128,3,"6 Airbags, ABS, EBD, ESP, Rear Parking Sensors, Hill Hold Control","Power Windows, Central Locking, Climate Control, Power Steering, Touchscreen Infotainment",174,344,45315,4,6,66.1,51.4,9.4,7.4,7.3,4.9,6,10.0
328,Nissan,Magnite,LX,suv,2024,1109533,Diesel,27.6,AMT,5,2500,126,151,5,"6 Airbags, ABS, EBD, ESP, 360 Camera, Hill Hold Control, TPMS","Power Windows, Central Locking, Climate Control, Power Steering, Touchscreen Infotainment",197,345,33293,3,6,64.9,48.5,7.4,9.1,9.2,6.3,10,10.0
329,Hyundai,Aura,Top,sedan,2020,1401500,Petrol,18.8,DCT,5,1200,81,121,4,"6 Airbags, ABS, EBD, ESP, 360 Camera, Hill Hold Control, TPMS","Automatic Climate Control, Touchscreen Infotainment, Wireless Charging, Cruise Control, Sunroof",165,509,45996,5,7,61.5,54.9,7.5,8.4,6.3,4.1,8,10.0
330,MG,Hector Plus,Alpha,mpv,2020,2351461,Petrol,22.6,DCT,7,2200,168,224,3,"6 Airbags, ABS, EBD, ESP, 360 Camera, ADAS, Hill Hold Control, TPMS, Electronic Stability Control","Dual Zone Climate Control, 10-inch Touchscreen, Wireless Charging, Ventilated Seats, Panoramic Sunroof, Premium Sound System",171,285,50876,5,10,58.4,50.3,7.9,9.8,7.5,8.4,6,12.0
331,Toyota,Urban Cruiser,Mid,suv,2020,4029981,Petrol,12.3,Manual,5,1500,160,203,4,"6 Airbags, ABS, EBD, ESP, 360 Camera, ADAS, Hill Hold Control, TPMS, Electronic Stability Control","Dual Zone Climate Control, 10-inch Touchscreen, Wireless Charging, Ventilated Seats, Panoramic Sunroof, Premium Sound System",183,285,122485,3,9,64.3,51.5,7.3,9.2,4.1,8.0,8,12.0
332,Hyundai,i10,EX,hatchback,2020,585233,Petrol,22.2,Manual,5,1000,63,81,4,"Dual Airbags, ABS, EBD","Power Windows, Central Locking",162,276,19635,5,7,67.7,46.0,9.2,6.8,7.4,3.1,8,4.0
333,Nissan,Magnite,EX,hatchback,2024,632746,Petrol,17.1,Manual,5,1000,93,120,3,"Dual Airbags, ABS, EBD, Rear Parking Sensors","Power Windows, Central Locking, AC, Power Steering",179,267,20157,3,6,64.6,43.8,8.8,7.4,5.7,4.7,6,8.0
334,Maruti Suzuki,Swift,VX,hatchback,2025,930145,Petrol,18.2,Automatic,5,1200,69,85,4,"6 Airbags, ABS, EBD, ESP, Rear Parking Sensors, Hill Hold Control","Power Windows, Central Locking, Climate Control, Power Steering, Touchscreen Infotainment",171,252,28233,5,6,55.9,47.6,9.7,7.7,6.1,3.4,8,10.0
335,Kia,Seltos,LX,suv,2021,2517271,Petrol,12.8,AMT,7,2500,188,244,4,"6 Airbags, ABS, EBD, ESP, 360 Camera, ADAS, Hill Hold Control, TPMS, Electronic Stability Control","Dual Zone Climate Control, 10-inch Touchscreen, Wireless Charging, Ventilated Seats, Panoramic Sunroof, Premium Sound System",201,357,65430,4,5,61.8,51.8,6.1,8.4,4.3,9.4,8,12.0
336,Maruti Suzuki,Dzire,SX,sedan,2021,1554284,Petrol,14.9,AMT,5,1200,105,131,5,"6 Airbags, ABS, EBD, ESP, 360 Camera, Hill Hold Control, TPMS","Power Windows, Central Locking, Climate Control, Power Steering, Touchscreen Infotainment",167,491,32018,3,7,61.6,49.5,8.8,7.7,5.0,5.2,10,10.0
337,Maruti Suzuki,Dzire,VX,sedan,2022,1158601,Petrol,22.6,Manual,5,1600,95,119,3,"6 Airbags, ABS, EBD, ESP, 360 Camera, Hill Hold Control, TPMS","Power Windows, Central Locking, Climate Control, Power Steering, Touchscreen Infotainment",165,435,31952,3,6,59.6,43.6,8.6,8.3,7.5,4.8,6,10.0
338,Renault,Triber,Mid,mpv,2022,1834723,Petrol,23.1,Automatic,7,2200,188,246,4,"6 Airbags, ABS, EBD, ESP, Rear Parking Sensors, Hill Hold Control","Power Windows, Central Locking, Climate Control, Power Steering, Touchscreen Infotainment",189,357,58246,5,6,59.9,40.8,7.6,9.7,7.7,9.4,8,10.0
339,Renault,Triber,Mid,mpv,2022,1232911,Petrol,21.5,Automatic,7,2200,196,287,5,"6 Airbags, ABS, EBD, ESP, 360 Camera, Hill Hold Control, TPMS","Automatic Climate Control, Touchscreen Infotainment, Wireless Charging, Cruise Control, Sunroof",181,318,29072,5,9,65.4,50.7,7.0,8.5,7.2,9.8,10,10.0
340,Mahindra,Marazzo,EX,mpv,2024,2977000,Petrol,17.1,Manual,7,2000,170,208,5,"6 Airbags, ABS, EBD, ESP, 360 Camera, ADAS, Hill Hold Control, TPMS, Electronic Stability Control","Dual Zone Climate Control, 10-inch Touchscreen, Wireless Charging, Ventilated Seats, Panoramic Sunroof, Premium Sound System",174,313,90430,3,5,62.0,49.3,6.9,8.9,5.7,8.5,10,12.0
341,Kia,EV6,ZX,suv,2020,1651378,Electric,354.6,Automatic,5,0,193,245,4,"6 Airbags, ABS, EBD, ESP, 360 Camera, Hill Hold Control, TPMS","Power Windows, Central Locking, Climate Control, Power Steering, Touchscreen Infotainment",198,328,49963,5,7,68.9,41.5,6.1,8.1,10.0,9.7,8,10.0
342,Mahindra,XUV700,ZX,suv,2024,3903087,Petrol,21.2,CVT,5,2500,133,159,4,"6 Airbags, ABS, EBD, ESP, 360 Camera, ADAS, Hill Hold Control, TPMS, Electronic Stability Control","Dual Zone Climate Control, 10-inch Touchscreen, Wireless Charging, Ventilated Seats, Panoramic Sunroof, Premium Sound System",202,400,155876,4,10,55.2,49.8,8.0,9.9,7.1,6.7,8,12.0
343,Renault,Triber,ZX,mpv,2022,2064250,Petrol,15.8,Manual,8,1600,156,208,4,"6 Airbags, ABS, EBD, ESP, 360 Camera, ADAS, Hill Hold Control, TPMS, Electronic Stability Control","Dual Zone Climate Control, 10-inch Touchscreen, Wireless Charging, Ventilated Seats, Panoramic Sunroof, Premium Sound System",176,235,65127,3,10,55.1,52.2,7.7,8.7,5.3,7.8,8,12.0
344,Kia,Carens,Alpha,mpv,2021,1262376,Petrol,19.0,CVT,7,2000,172,238,4,"6 Airbags, ABS, EBD, ESP, 360 Camera, Hill Hold Control, TPMS","Automatic Climate Control, Touchscreen Infotainment, Wireless Charging, Cruise Control, Sunroof",171,300,26856,4,8,56.6,48.5,6.9,9.8,6.3,8.6,8,10.0
345,Hyundai,Aura,Alpha,sedan,2024,2193339,Petrol,21.9,Automatic,5,1200,92,112,5,"6 Airbags, ABS, EBD, ESP, 360 Camera, ADAS, Hill Hold Control, TPMS, Electronic Stability Control","Dual Zone Climate Control, 10-inch Touchscreen, Wireless Charging, Ventilated Seats, Panoramic Sunroof, Premium Sound System",174,452,54089,5,5,61.8,45.5,7.0,7.7,7.3,4.6,10,12.0
346,Kia,Carens,Mid,mpv,2021,1251673,Petrol,17.0,Manual,8,1600,126,162,5,"6 Airbags, ABS, EBD, ESP, 360 Camera, Hill Hold Control, TPMS","Power Windows, Central Locking, Climate Control, Power Steering, Touchscreen Infotainment",184,347,48543,5,9,65.8,46.9,6.4,10.0,5.7,6.3,10,10.0
347,MG,Comet EV,LX,hatchback,2022,1535192,Electric,405.2,Automatic,5,0,197,263,3,"6 Airbags, ABS, EBD, ESP, Rear Parking Sensors, Hill Hold Control","Automatic Climate Control, Touchscreen Infotainment, Wireless Charging, Cruise Control, Sunroof",180,366,41351,5,8,64.2,52.1,8.4,6.5,10.0,9.8,6,10.0
348,MG,Hector Plus,Mid,mpv,2023,2076157,Petrol,23.3,Manual,7,2500,137,191,3,"6 Airbags, ABS, EBD, ESP, 360 Camera, ADAS, Hill Hold Control, TPMS, Electronic Stability Control","Dual Zone Climate Control, 10-inch Touchscreen, Wireless Charging, Ventilated Seats, Panoramic Sunroof, Premium Sound System",188,384,78986,4,9,56.8,45.5,7.5,9.0,7.8,6.9,6,12.0
349,Toyota,Innova Hycross,Top,mpv,2021,3799364,Hybrid,22.5,Manual,7,1500,109,151,4,"6 Airbags, ABS, EBD, ESP, 360 Camera, ADAS, Hill Hold Control, TPMS, Electronic Stability Control","Dual Zone Climate Control, 10-inch Touchscreen, Wireless Charging, Ventilated Seats, Panoramic Sunroof, Premium Sound System",179,297,102100,4,8,55.6,43.8,7.4,8.3,7.5,5.5,8,12.0
350,MG,Hector Plus,Mid,mpv,2025,3031337,Petrol,19.9,AMT,7,2000,120,150,3,"6 Airbags, ABS, EBD, ESP, 360 Camera, ADAS, Hill Hold Control, TPMS, Electronic Stability Control","Dual Zone Climate Control, 10-inch Touchscreen, Wireless Charging, Ventilated Seats, Panoramic Sunroof, Premium Sound System",168,245,78459,5,8,57.5,50.1,6.0,8.5,6.6,6.0,6,12.0
351,MG,Astor,LX,suv,2020,2764669,Diesel,26.7,Manual,7,2500,182,254,4,"6 Airbags, ABS, EBD, ESP, 360 Camera, ADAS, Hill Hold Control, TPMS, Electronic Stability Control","Dual Zone Climate Control, 10-inch Touchscreen, Wireless Charging, Ventilated Seats, Panoramic Sunroof, Premium Sound System",186,299,93464,4,9,55.1,51.6,7.5,9.9,8.9,9.1,8,12.0
352,Maruti Suzuki,Ertiga,Base,mpv,2021,1064960,Petrol,14.3,Manual,7,1600,192,240,4,"6 Airbags, ABS, EBD, ESP, Rear Parking Sensors, Hill Hold Control","Automatic Climate Control, Touchscreen Infotainment, Wireless Charging, Cruise Control, Sunroof",175,343,34649,5,9,60.9,46.4,6.5,8.2,4.8,9.6,8,10.0
353,Maruti Suzuki,XL6,Base,mpv,2021,1076892,Petrol,17.5,Automatic,8,2000,105,128,4,"6 Airbags, ABS, EBD, ESP, 360 Camera, Hill Hold Control, TPMS","Automatic Climate Control, Touchscreen Infotainment, Wireless Charging, Cruise Control, Sunroof",168,382,33086,5,7,69.4,49.0,8.0,9.4,5.8,5.2,8,10.0
354,Tata,Nexon,ZX,suv,2022,1646247,Diesel,24.0,Automatic,5,2500,174,232,4,"6 Airbags, ABS, EBD, ESP, Rear Parking Sensors, Hill Hold Control","Power Windows, Central Locking, Climate Control, Power Steering, Touchscreen Infotainment",194,205,53218,3,6,66.1,51.4,7.2,8.1,8.0,8.7,8,10.0
355,Toyota,Innova Hycross,LX,mpv,2025,1822979,Hybrid,21.5,Manual,7,2500,156,221,4,"6 Airbags, ABS, EBD, ESP, 360 Camera, Hill Hold Control, TPMS","Automatic Climate Control, Touchscreen Infotainment, Wireless Charging, Cruise Control, Sunroof",185,394,37903,4,7,66.3,43.4,7.5,8.7,7.2,7.8,8,10.0
356,Renault,Kiger,SX,suv,2025,2777420,Petrol,17.9,Manual,5,1600,116,142,4,"6 Airbags, ABS, EBD, ESP, 360 Camera, ADAS, Hill Hold Control, TPMS, Electronic Stability Control","Dual Zone Climate Control, 10-inch Touchscreen, Wireless Charging, Ventilated Seats, Panoramic Sunroof, Premium Sound System",193,260,83735,4,8,59.7,50.8,6.5,8.4,6.0,5.8,8,12.0
357,Mahindra,Scorpio,SX,suv,2023,5683622,Diesel,18.4,Manual,5,2200,148,185,4,"6 Airbags, ABS, EBD, ESP, 360 Camera, ADAS, Hill Hold Control, TPMS, Electronic Stability Control","Dual Zone Climate Control, 10-inch Touchscreen, Wireless Charging, Ventilated Seats, Panoramic Sunroof, Premium Sound System",212,356,197213,3,5,66.4,46.4,6.2,9.8,6.1,7.4,8,12.0
358,Honda,Amaze,VX,sedan,2025,1432760,Petrol,15.7,AMT,5,1600,118,158,4,"6 Airbags, ABS, EBD, ESP, 360 Camera, Hill Hold Control, TPMS","Power Windows, Central Locking, Climate Control, Power Steering, Touchscreen Infotainment",169,448,28774,5,10,60.6,46.1,7.8,7.8,5.2,5.9,8,10.0
359,Toyota,Innova Hycross,VX,mpv,2025,1318533,Hybrid,26.4,Manual,8,1500,149,220,3,"6 Airbags, ABS, EBD, ESP, 360 Camera, Hill Hold Control, TPMS","Automatic Climate Control, Touchscreen Infotainment, Wireless Charging, Cruise Control, Sunroof",189,392,45416,5,8,64.5,45.5,6.1,8.8,8.8,7.5,6,10.0
360,Mahindra,Marazzo,ZX,mpv,2023,1846352,Petrol,20.1,Manual,8,1600,132,168,4,"6 Airbags, ABS, EBD, ESP, Rear Parking Sensors, Hill Hold Control","Power Windows, Central Locking, Climate Control, Power Steering, Touchscreen Infotainment",168,397,40335,5,8,65.6,54.6,6.2,9.8,6.7,6.6,8,10.0
361,Kia,Carens,Alpha,suv,2021,5279935,Diesel,23.9,DCT,7,2200,196,286,5,"6 Airbags, ABS, EBD, ESP, 360 Camera, ADAS, Hill Hold Control, TPMS, Electronic Stability Control","Dual Zone Climate Control, 10-inch Touchscreen, Wireless Charging, Ventilated Seats, Panoramic Sunroof, Premium Sound System",185,227,172778,4,7,66.2,54.0,6.8,8.6,8.0,9.8,10,12.0
362,Maruti Suzuki,Alto,EX,hatchback,2021,1064853,Petrol,19.9,Manual,5,1000,71,100,3,"6 Airbags, ABS, EBD, ESP, Rear Parking Sensors, Hill Hold Control","Power Windows, Central Locking, Climate Control, Power Steering, Touchscreen Infotainment",174,395,38640,3,5,66.2,52.1,8.4,8.0,6.6,3.5,6,10.0
363,Kia,Carens,Top,mpv,2025,1719837,Petrol,13.0,Automatic,8,2000,103,141,4,"6 Airbags, ABS, EBD, ESP, Rear Parking Sensors, Hill Hold Control","Power Windows, Central Locking, Climate Control, Power Steering, Touchscreen Infotainment",166,268,60256,3,9,66.8,40.6,6.4,9.6,4.3,5.2,8,10.0
364,Kia,EV6,SX,suv,2023,7228229,Electric,451.4,Automatic,5,0,174,244,4,"6 Airbags, ABS, EBD, ESP, 360 Camera, ADAS, Hill Hold Control, TPMS, Electronic Stability Control","Dual Zone Climate Control, 10-inch Touchscreen, Wireless Charging, Ventilated Seats, Panoramic Sunroof, Premium Sound System",200,261,280598,5,8,64.2,54.6,7.7,9.6,10.0,8.7,8,12.0
365,Maruti Suzuki,XL6,Top,mpv,2025,2563822,Petrol,13.5,DCT,7,2200,179,251,5,"6 Airbags, ABS, EBD, ESP, 360 Camera, ADAS, Hill Hold Control, TPMS, Electronic Stability Control","Dual Zone Climate Control, 10-inch Touchscreen, Wireless Charging, Ventilated Seats, Panoramic Sunroof, Premium Sound System",181,305,85130,3,7,55.2,45.4,6.1,9.6,4.5,8.9,10,12.0
366,Toyota,Innova Crysta,SX,mpv,2024,1369544,Petrol,19.4,AMT,8,2200,184,268,5,"6 Airbags, ABS, EBD, ESP, 360 Camera, Hill Hold Control, TPMS","Automatic Climate Control, Touchscreen Infotainment, Wireless Charging, Cruise Control, Sunroof",184,249,46891,5,10,62.6,41.9,7.6,8.6,6.5,9.2,10,10.0
367,Renault,Triber,SX,mpv,2021,2172496,Diesel,24.0,Manual,7,1600,196,290,4,"6 Airbags, ABS, EBD, ESP, 360 Camera, ADAS, Hill Hold Control, TPMS, Electronic Stability Control","Dual Zone Climate Control, 10-inch Touchscreen, Wireless Charging, Ventilated Seats, Panoramic Sunroof, Premium Sound System",168,311,86611,3,7,68.5,51.5,6.4,8.5,8.0,9.8,8,12.0
368,MG,Comet EV,Alpha,hatchback,2023,1730967,Electric,426.7,Automatic,5,0,165,241,5,"6 Airbags, ABS, EBD, ESP, Rear Parking Sensors, Hill Hold Control","Automatic Climate Control, Touchscreen Infotainment, Wireless Charging, Cruise Control, Sunroof",172,347,57257,5,6,58.4,41.7,8.2,6.2,10.0,8.2,10,10.0
369,Hyundai,Creta,ZX,suv,2024,928304,Diesel,22.9,Automatic,5,2500,168,211,4,"6 Airbags, ABS, EBD, ESP, Rear Parking Sensors, Hill Hold Control","Power Windows, Central Locking, Climate Control, Power Steering, Touchscreen Infotainment",203,373,35905,3,10,64.0,43.3,6.8,9.1,7.6,8.4,8,10.0
370,MG,Astor,VX,suv,2025,5428076,Diesel,22.0,Automatic,5,2000,118,168,5,"6 Airbags, ABS, EBD, ESP, 360 Camera, ADAS, Hill Hold Control, TPMS, Electronic Stability Control","Dual Zone Climate Control, 10-inch Touchscreen, Wireless Charging, Ventilated Seats, Panoramic Sunroof, Premium Sound System",182,353,143316,5,5,59.1,52.7,7.1,9.3,7.3,5.9,10,12.0
371,Mahindra,Marazzo,EX,mpv,2023,1800598,Petrol,21.7,Manual,7,1500,199,249,4,"6 Airbags, ABS, EBD, ESP, 360 Camera, Hill Hold Control, TPMS","Automatic Climate Control, Touchscreen Infotainment, Wireless Charging, Cruise Control, Sunroof",186,240,71702,5,7,61.3,47.1,6.7,8.8,7.2,9.9,8,10.0
372,Hyundai,Alcazar,LX,suv,2022,1668012,Diesel,22.6,Manual,5,2500,106,154,5,"6 Airbags, ABS, EBD, ESP, 360 Camera, Hill Hold Control, TPMS","Power Windows, Central Locking, Climate Control, Power Steering, Touchscreen Infotainment",216,235,48101,4,6,58.1,52.1,6.4,9.3,7.5,5.3,10,10.0
373,Toyota,Glanza,EX,hatchback,2021,720492,Diesel,24.2,Manual,5,1000,90,112,3,"6 Airbags, ABS, EBD, ESP, Rear Parking Sensors, Hill Hold Control","Power Windows, Central Locking, Climate Control, Power Steering, Touchscreen Infotainment",164,353,17940,3,8,62.3,50.3,9.9,7.3,8.1,4.5,6,10.0
374,MG,Hector Plus,SX,mpv,2021,1375924,Petrol,13.4,AMT,7,2500,128,154,4,"6 Airbags, ABS, EBD, ESP, 360 Camera, Hill Hold Control, TPMS","Automatic Climate Control, Touchscreen Infotainment, Wireless Charging, Cruise Control, Sunroof",187,390,30120,5,8,62.3,49.7,6.9,9.1,4.5,6.4,8,10.0
375,Hyundai,Venue,Alpha,suv,2023,6477792,CNG,24.7,Automatic,5,1600,184,270,3,"6 Airbags, ABS, EBD, ESP, 360 Camera, ADAS, Hill Hold Control, TPMS, Electronic Stability Control","Dual Zone Climate Control, 10-inch Touchscreen, Wireless Charging, Ventilated Seats, Panoramic Sunroof, Premium Sound System",218,377,152867,5,7,56.8,41.9,6.4,8.3,8.2,9.2,6,12.0
376,Renault,Kiger,Mid,suv,2023,4312222,Diesel,22.1,Manual,7,2200,184,220,4,"6 Airbags, ABS, EBD, ESP, 360 Camera, ADAS, Hill Hold Control, TPMS, Electronic Stability Control","Dual Zone Climate Control, 10-inch Touchscreen, Wireless Charging, Ventilated Seats, Panoramic Sunroof, Premium Sound System",213,400,111548,5,6,63.7,50.4,7.0,10.0,7.4,9.2,8,12.0
377,Hyundai,i10,Base,hatchback,2021,625667,Petrol,15.6,Automatic,5,1200,73,100,4,"6 Airbags, ABS, EBD, ESP, Rear Parking Sensors, Hill Hold Control","Power Windows, Central Locking, AC, Power Steering",177,315,15775,5,8,61.8,54.2,9.4,7.9,5.2,3.6,8,8.0
378,Tata,Tigor,VX,sedan,2021,2138451,CNG,28.6,Automatic,5,1600,90,119,3,"6 Airbags, ABS, EBD, ESP, 360 Camera, ADAS, Hill Hold Control, TPMS, Electronic Stability Control","Dual Zone Climate Control, 10-inch Touchscreen, Wireless Charging, Ventilated Seats, Panoramic Sunroof, Premium Sound System",190,511,58975,5,5,59.1,48.0,8.4,7.8,9.5,4.5,6,12.0
379,Toyota,Glanza,ZX,hatchback,2024,827751,Petrol,13.8,Automatic,5,800,84,125,4,"Dual Airbags, ABS, EBD, Rear Parking Sensors","Power Windows, Central Locking, AC, Power Steering",165,384,28612,4,8,56.4,45.2,9.1,6.6,4.6,4.2,8,8.0
380,Honda,Jazz,Top,hatchback,2020,766282,Petrol,21.0,Manual,5,1000,97,120,3,"Dual Airbags, ABS, EBD, Rear Parking Sensors","Power Windows, Central Locking, AC, Power Steering",164,346,24023,4,10,64.6,45.6,9.6,7.4,7.0,4.8,6,8.0
381,Kia,Carens,SX,mpv,2025,2348262,Diesel,22.0,Automatic,8,1600,139,193,3,"6 Airbags, ABS, EBD, ESP, 360 Camera, ADAS, Hill Hold Control, TPMS, Electronic Stability Control","Dual Zone Climate Control, 10-inch Touchscreen, Wireless Charging, Ventilated Seats, Panoramic Sunroof, Premium Sound System",174,304,83155,3,5,56.2,43.6,6.2,9.2,7.3,6.9,6,12.0
382,Hyundai,Kona Electric,SX,suv,2020,1326717,Electric,461.7,Automatic,7,0,210,310,3,"6 Airbags, ABS, EBD, ESP, 360 Camera, Hill Hold Control, TPMS","Power Windows, Central Locking, Climate Control, Power Steering, Touchscreen Infotainment",205,203,42887,5,10,61.4,48.0,6.7,10.0,10.0,10.0,6,10.0
383,Renault,Kwid,Top,hatchback,2022,1233629,Petrol,22.6,CVT,5,800,83,120,4,"6 Airbags, ABS, EBD, ESP, Rear Parking Sensors, Hill Hold Control","Automatic Climate Control, Touchscreen Infotainment, Wireless Charging, Cruise Control, Sunroof",175,347,28878,3,10,58.7,48.1,9.5,6.2,7.5,4.1,8,10.0
384,Honda,Elevate,Base,suv,2022,2524213,Diesel,22.8,Automatic,5,1500,159,233,5,"6 Airbags, ABS, EBD, ESP, 360 Camera, ADAS, Hill Hold Control, TPMS, Electronic Stability Control","Dual Zone Climate Control, 10-inch Touchscreen, Wireless Charging, Ventilated Seats, Panoramic Sunroof, Premium Sound System",183,291,50781,4,7,60.3,40.1,7.8,8.4,7.6,8.0,10,12.0
385,Toyota,Glanza,EX,hatchback,2023,1174127,Petrol,13.0,AMT,5,800,91,109,5,"6 Airbags, ABS, EBD, ESP, 360 Camera, Hill Hold Control, TPMS","Power Windows, Central Locking, Climate Control, Power Steering, Touchscreen Infotainment",175,351,32272,4,6,63.0,44.0,10.0,7.3,4.3,4.5,10,10.0
386,Tata,Safari,Base,suv,2025,3089912,CNG,21.3,Manual,5,2200,153,217,5,"6 Airbags, ABS, EBD, ESP, 360 Camera, ADAS, Hill Hold Control, TPMS, Electronic Stability Control","Dual Zone Climate Control, 10-inch Touchscreen, Wireless Charging, Ventilated Seats, Panoramic Sunroof, Premium Sound System",190,370,74095,4,7,56.8,47.3,7.0,9.4,7.1,7.7,10,12.0
387,Tata,Safari,Alpha,suv,2025,5348560,Diesel,24.9,Automatic,5,1500,102,126,4,"6 Airbags, ABS, EBD, ESP, 360 Camera, ADAS, Hill Hold Control, TPMS, Electronic Stability Control","Dual Zone Climate Control, 10-inch Touchscreen, Wireless Charging, Ventilated Seats, Panoramic Sunroof, Premium Sound System",180,396,180186,3,7,61.4,49.0,6.0,9.0,8.3,5.1,8,12.0
388,Mahindra,XUV400,Mid,suv,2025,3191201,Diesel,27.9,Manual,7,2200,190,272,3,"6 Airbags, ABS, EBD, ESP, 360 Camera, ADAS, Hill Hold Control, TPMS, Electronic Stability Control","Dual Zone Climate Control, 10-inch Touchscreen, Wireless Charging, Ventilated Seats, Panoramic Sunroof, Premium Sound System",212,356,75388,5,10,57.2,41.8,6.8,8.5,9.3,9.5,6,12.0
389,Hyundai,i20,EX,hatchback,2025,803336,Petrol,20.4,Manual,5,1000,90,109,4,"Dual Airbags, ABS, EBD, Rear Parking Sensors","Power Windows, Central Locking, Climate Control, Power Steering, Touchscreen Infotainment",163,318,21908,4,8,58.7,53.4,8.4,6.0,6.8,4.5,8,10.0
390,Honda,Jazz,Top,hatchback,2024,975676,Petrol,17.9,Automatic,5,800,60,84,5,"Dual Airbags, ABS, EBD, Rear Parking Sensors","Power Windows, Central Locking, Climate Control, Power Steering, Touchscreen Infotainment",171,342,34010,5,9,60.6,49.8,8.4,6.8,6.0,3.0,10,10.0
391,Hyundai,Aura,Base,sedan,2024,999368,Petrol,22.9,Manual,5,1600,108,159,3,"6 Airbags, ABS, EBD, ESP, Rear Parking Sensors, Hill Hold Control","Power Windows, Central Locking, Climate Control, Power Steering, Touchscreen Infotainment",188,521,39767,3,10,57.3,41.9,7.8,8.4,7.6,5.4,6,10.0
392,Renault,Duster,SX,suv,2020,5700230,Petrol,17.2,Automatic,7,2500,102,127,4,"6 Airbags, ABS, EBD, ESP, 360 Camera, ADAS, Hill Hold Control, TPMS, Electronic Stability Control","Dual Zone Climate Control, 10-inch Touchscreen, Wireless Charging, Ventilated Seats, Panoramic Sunroof, Premium Sound System",188,274,119185,5,10,57.9,52.2,7.0,9.1,5.7,5.1,8,12.0
393,Renault,Kwid,SX,hatchback,2024,971043,Petrol,16.6,Automatic,5,1000,73,91,3,"Dual Airbags, ABS, EBD, Rear Parking Sensors","Power Windows, Central Locking, AC, Power Steering",176,366,29205,5,7,59.6,43.3,9.4,7.1,5.5,3.6,6,8.0
394,Tata,Tigor,Alpha,sedan,2025,1229404,Petrol,12.5,DCT,5,1200,97,141,3,"6 Airbags, ABS, EBD, ESP, Rear Parking Sensors, Hill Hold Control","Power Windows, Central Locking, Climate Control, Power Steering, Touchscreen Infotainment",182,429,24622,4,9,69.6,44.9,8.9,8.8,4.2,4.8,6,10.0
395,Honda,City,VX,sedan,2024,746192,Petrol,12.7,Manual,5,1200,97,121,5,"Dual Airbags, ABS, EBD, Rear Parking Sensors","Power Windows, Central Locking, Climate Control, Power Steering, Touchscreen Infotainment",185,465,27907,5,9,58.1,46.6,7.6,7.4,4.2,4.8,10,10.0
396,Kia,Seltos,SX,suv,2025,2612786,Petrol,14.2,Automatic,5,2200,193,242,4,"6 Airbags, ABS, EBD, ESP, 360 Camera, ADAS, Hill Hold Control, TPMS, Electronic Stability Control","Dual Zone Climate Control, 10-inch Touchscreen, Wireless Charging, Ventilated Seats, Panoramic Sunroof, Premium Sound System",199,241,98515,4,9,57.8,42.2,6.9,8.9,4.7,9.7,8,12.0
397,Maruti Suzuki,Celerio,EX,hatchback,2024,557330,Petrol,21.9,Manual,5,800,77,95,4,"Dual Airbags, ABS, EBD","Power Windows, Central Locking",160,252,21820,3,10,67.3,52.8,8.2,6.3,7.3,3.9,8,4.0
398,Tata,Harrier,SX,suv,2020,2078918,Petrol,20.3,Manual,5,1500,169,217,4,"6 Airbags, ABS, EBD, ESP, 360 Camera, ADAS, Hill Hold Control, TPMS, Electronic Stability Control","Dual Zone Climate Control, 10-inch Touchscreen, Wireless Charging, Ventilated Seats, Panoramic Sunroof, Premium Sound System",206,236,41628,3,6,61.4,42.2,7.3,8.5,6.8,8.4,8,12.0
399,Hyundai,Aura,VX,sedan,2025,1017838,Petrol,19.4,Manual,5,1200,82,113,3,"6 Airbags, ABS, EBD, ESP, 360 Camera, Hill Hold Control, TPMS","Power Windows, Central Locking, Climate Control, Power Steering, Touchscreen Infotainment",186,508,23414,5,7,64.4,44.3,8.8,7.5,6.5,4.1,6,10.0
400,MG,Hector,Mid,suv,2025,2238943,Diesel,26.3,Manual,5,1600,149,198,5,"6 Airbags, ABS, EBD, ESP, 360 Camera, ADAS, Hill Hold Control, TPMS, Electronic Stability Control","Dual Zone Climate Control, 10-inch Touchscreen, Wireless Charging, Ventilated Seats, Panoramic Sunroof, Premium Sound System",210,217,49846,4,7,57.2,44.8,6.3,9.5,8.8,7.5,10,12.0
401,Toyota,Land Cruiser,EX,suv,2025,3453532,Diesel,17.7,AMT,7,2500,163,221,4,"6 Airbags, ABS, EBD, ESP, 360 Camera, ADAS, Hill Hold Control, TPMS, Electronic Stability Control","Dual Zone Climate Control, 10-inch Touchscreen, Wireless Charging, Ventilated Seats, Panoramic Sunroof, Premium Sound System",214,258,95637,5,8,62.9,51.6,7.6,8.4,5.9,8.1,8,12.0
402,Hyundai,Verna,Base,sedan,2024,1360004,Petrol,22.2,Automatic,5,1500,88,129,3,"6 Airbags, ABS, EBD, ESP, 360 Camera, Hill Hold Control, TPMS","Automatic Climate Control, Touchscreen Infotainment, Wireless Charging, Cruise Control, Sunroof",189,435,35215,3,8,58.6,52.4,7.1,7.3,7.4,4.4,6,10.0
403,Maruti Suzuki,XL6,Base,mpv,2021,1109415,Petrol,20.0,Automatic,8,1600,103,128,3,"6 Airbags, ABS, EBD, ESP, Rear Parking Sensors, Hill Hold Control","Power Windows, Central Locking, Climate Control, Power Steering, Touchscreen Infotainment",165,345,40628,4,6,62.0,42.1,7.1,9.9,6.7,5.2,6,10.0
404,MG,Hector Plus,SX,mpv,2025,2403355,Petrol,20.3,Manual,7,1500,182,220,5,"6 Airbags, ABS, EBD, ESP, 360 Camera, ADAS, Hill Hold Control, TPMS, Electronic Stability Control","Dual Zone Climate Control, 10-inch Touchscreen, Wireless Charging, Ventilated Seats, Panoramic Sunroof, Premium Sound System",181,241,48589,4,8,63.3,52.4,7.8,9.0,6.8,9.1,10,12.0
405,Mahindra,Marazzo,VX,mpv,2023,1589816,Diesel,27.7,AMT,7,2500,107,135,3,"6 Airbags, ABS, EBD, ESP, Rear Parking Sensors, Hill Hold Control","Automatic Climate Control, Touchscreen Infotainment, Wireless Charging, Cruise Control, Sunroof",180,280,52549,4,6,55.8,45.6,6.8,8.5,9.2,5.4,6,10.0
406,Hyundai,i20,ZX,hatchback,2024,1258237,Petrol,15.4,Automatic,5,800,98,117,5,"6 Airbags, ABS, EBD, ESP, Rear Parking Sensors, Hill Hold Control","Power Windows, Central Locking, Climate Control, Power Steering, Touchscreen Infotainment",180,258,31212,3,9,55.7,54.8,9.0,6.1,5.1,4.9,10,10.0
407,Hyundai,Venue,ZX,suv,2024,6364950,Diesel,27.5,DCT,5,2200,192,250,3,"6 Airbags, ABS, EBD, ESP, 360 Camera, ADAS, Hill Hold Control, TPMS, Electronic Stability Control","Dual Zone Climate Control, 10-inch Touchscreen, Wireless Charging, Ventilated Seats, Panoramic Sunroof, Premium Sound System",186,284,179146,5,5,62.5,51.6,6.0,9.6,9.2,9.6,6,12.0
408,MG,Comet EV,Top,hatchback,2024,1611794,Electric,330.3,Automatic,5,0,240,294,5,"6 Airbags, ABS, EBD, ESP, Rear Parking Sensors, Hill Hold Control","Power Windows, Central Locking, Climate Control, Power Steering, Touchscreen Infotainment",165,378,48879,5,10,62.8,51.5,8.9,6.3,10.0,10.0,10,10.0
409,Honda,Elevate,Base,suv,2021,3951711,Diesel,25.3,Manual,5,2500,177,216,3,"6 Airbags, ABS, EBD, ESP, 360 Camera, ADAS, Hill Hold Control, TPMS, Electronic Stability Control","Dual Zone Climate Control, 10-inch Touchscreen, Wireless Charging, Ventilated Seats, Panoramic Sunroof, Premium Sound System",220,327,86732,3,7,63.2,54.5,7.6,8.2,8.4,8.8,6,12.0
410,Honda,Amaze,VX,sedan,2023,899013,Petrol,16.2,Manual,5,1600,109,139,4,"6 Airbags, ABS, EBD, ESP, Rear Parking Sensors, Hill Hold Control","Power Windows, Central Locking, Climate Control, Power Steering, Touchscreen Infotainment",185,435,34878,5,5,60.5,44.3,7.8,8.2,5.4,5.5,8,10.0
411,Toyota,Hilux,Mid,suv,2021,1216686,Petrol,15.2,Manual,7,1600,189,273,3,"6 Airbags, ABS, EBD, ESP, Rear Parking Sensors, Hill Hold Control","Automatic Climate Control, Touchscreen Infotainment, Wireless Charging, Cruise Control, Sunroof",204,240,38207,3,8,68.1,50.0,6.7,8.9,5.1,9.4,6,10.0
412,Renault,Triber,Mid,mpv,2023,2834643,Petrol,13.3,Manual,8,2200,142,173,4,"6 Airbags, ABS, EBD, ESP, 360 Camera, ADAS, Hill Hold Control, TPMS, Electronic Stability Control","Dual Zone Climate Control, 10-inch Touchscreen, Wireless Charging, Ventilated Seats, Panoramic Sunroof, Premium Sound System",184,324,68747,5,5,59.2,40.6,6.3,8.9,4.4,7.1,8,12.0
413,Mahindra,Thar,Base,suv,2020,1223451,Diesel,25.3,AMT,5,2200,127,154,5,"6 Airbags, ABS, EBD, ESP, 360 Camera, Hill Hold Control, TPMS","Automatic Climate Control, Touchscreen Infotainment, Wireless Charging, Cruise Control, Sunroof",196,362,28778,3,7,61.1,44.5,7.4,9.7,8.4,6.3,10,10.0
414,Honda,Amaze,Mid,sedan,2024,1406052,Diesel,20.1,Manual,5,1200,102,151,4,"6 Airbags, ABS, EBD, ESP, Rear Parking Sensors, Hill Hold Control","Automatic Climate Control, Touchscreen Infotainment, Wireless Charging, Cruise Control, Sunroof",176,546,39064,3,9,58.0,50.8,8.2,7.3,6.7,5.1,8,10.0
415,Toyota,Glanza,SX,hatchback,2025,622950,Diesel,26.4,Manual,5,1200,60,89,5,"Dual Airbags, ABS, EBD, Rear Parking Sensors","Power Windows, Central Locking, Climate Control, Power Steering, Touchscreen Infotainment",180,398,13673,3,6,61.3,48.2,8.3,6.8,8.8,3.0,10,10.0
416,Toyota,Urban Cruiser,VX,suv,2020,2095726,Diesel,22.0,AMT,7,2200,152,198,5,"6 Airbags, ABS, EBD, ESP, 360 Camera, ADAS, Hill Hold Control, TPMS, Electronic Stability Control","Dual Zone Climate Control, 10-inch Touchscreen, Wireless Charging, Ventilated Seats, Panoramic Sunroof, Premium Sound System",207,333,82742,4,6,61.9,45.6,7.1,8.3,7.3,7.6,10,12.0
417,Kia,Carens,EX,mpv,2020,1520225,Petrol,20.4,Manual,7,1500,183,220,5,"6 Airbags, ABS, EBD, ESP, Rear Parking Sensors, Hill Hold Control","Automatic Climate Control, Touchscreen Infotainment, Wireless Charging, Cruise Control, Sunroof",188,392,49371,5,10,61.7,48.7,6.1,8.6,6.8,9.2,10,10.0
418,Mahindra,Marazzo,Mid,mpv,2025,1520232,Petrol,17.6,AMT,8,2200,182,256,5,"6 Airbags, ABS, EBD, ESP, Rear Parking Sensors, Hill Hold Control","Automatic Climate Control, Touchscreen Infotainment, Wireless Charging, Cruise Control, Sunroof",190,257,45836,4,7,59.6,53.5,7.8,9.3,5.9,9.1,10,10.0
419,Maruti Suzuki,Ertiga,Base,mpv,2020,2976689,Petrol,21.5,Manual,8,1600,173,259,4,"6 Airbags, ABS, EBD, ESP, 360 Camera, ADAS, Hill Hold Control, TPMS, Electronic Stability Control","Dual Zone Climate Control, 10-inch Touchscreen, Wireless Charging, Ventilated Seats, Panoramic Sunroof, Premium Sound System",177,249,96222,4,9,61.4,54.1,6.8,9.5,7.2,8.7,8,12.0
420,Kia,Seltos,EX,suv,2025,2116227,Petrol,13.5,AMT,7,2000,170,212,4,"6 Airbags, ABS, EBD, ESP, 360 Camera, ADAS, Hill Hold Control, TPMS, Electronic Stability Control","Dual Zone Climate Control, 10-inch Touchscreen, Wireless Charging, Ventilated Seats, Panoramic Sunroof, Premium Sound System",185,223,43409,3,9,57.3,49.3,7.1,9.9,4.5,8.5,8,12.0
421,Maruti Suzuki,Ciaz,ZX,sedan,2025,1384570,Petrol,19.8,DCT,5,1200,114,165,5,"6 Airbags, ABS, EBD, ESP, 360 Camera, Hill Hold Control, TPMS","Automatic Climate Control, Touchscreen Infotainment, Wireless Charging, Cruise Control, Sunroof",186,413,35305,3,5,64.6,48.7,7.2,7.9,6.6,5.7,10,10.0
422,Nissan,Magnite,Top,hatchback,2021,646467,Petrol,22.7,Manual,5,1000,73,96,4,"Dual Airbags, ABS, EBD, Rear Parking Sensors","Power Windows, Central Locking, Climate Control, Power Steering, Touchscreen Infotainment",162,374,25331,3,10,61.3,53.3,9.3,6.9,7.6,3.6,8,10.0
423,Tata,Tigor,Base,sedan,2024,1318925,CNG,21.4,Manual,5,1500,119,164,3,"6 Airbags, ABS, EBD, ESP, 360 Camera, Hill Hold Control, TPMS","Power Windows, Central Locking, Climate Control, Power Steering, Touchscreen Infotainment",171,407,40516,5,6,58.2,45.5,8.8,7.1,7.1,5.9,6,10.0
424,Tata,Tigor,Top,sedan,2021,1030736,Petrol,17.8,DCT,5,1600,115,160,4,"6 Airbags, ABS, EBD, ESP, 360 Camera, Hill Hold Control, TPMS","Automatic Climate Control, Touchscreen Infotainment, Wireless Charging, Cruise Control, Sunroof",181,502,39628,4,6,65.3,53.3,7.6,7.8,5.9,5.8,8,10.0
425,Nissan,Magnite,LX,suv,2025,4886906,Diesel,21.9,Automatic,7,2000,140,194,4,"6 Airbags, ABS, EBD, ESP, 360 Camera, ADAS, Hill Hold Control, TPMS, Electronic Stability Control","Dual Zone Climate Control, 10-inch Touchscreen, Wireless Charging, Ventilated Seats, Panoramic Sunroof, Premium Sound System",207,251,153169,4,5,61.7,53.3,7.9,8.5,7.3,7.0,8,12.0
426,Kia,Carens,EX,suv,2020,2824458,Petrol,15.9,Manual,5,1500,127,177,4,"6 Airbags, ABS, EBD, ESP, 360 Camera, ADAS, Hill Hold Control, TPMS, Electronic Stability Control","Dual Zone Climate Control, 10-inch Touchscreen, Wireless Charging, Ventilated Seats, Panoramic Sunroof, Premium Sound System",200,231,57033,5,10,59.9,47.0,7.6,9.8,5.3,6.3,8,12.0
427,Renault,Kwid,VX,hatchback,2021,609502,Petrol,18.3,Manual,7,1200,98,145,5,"Dual Airbags, ABS, EBD, Rear Parking Sensors","Power Windows, Central Locking, Climate Control, Power Steering, Touchscreen Infotainment",173,331,22105,3,5,67.0,47.5,10.0,6.8,6.1,4.9,10,10.0
428,Tata,Nexon EV,EX,suv,2020,1537223,Electric,347.3,Automatic,5,0,84,117,5,"6 Airbags, ABS, EBD, ESP, Rear Parking Sensors, Hill Hold Control","Automatic Climate Control, Touchscreen Infotainment, Wireless Charging, Cruise Control, Sunroof",198,233,56620,4,9,68.8,40.6,7.3,8.1,10.0,4.2,10,10.0
429,Honda,Elevate,ZX,suv,2020,1423337,Petrol,15.8,DCT,7,2200,163,237,5,"6 Airbags, ABS, EBD, ESP, Rear Parking Sensors, Hill Hold Control","Automatic Climate Control, Touchscreen Infotainment, Wireless Charging, Cruise Control, Sunroof",219,226,29300,3,6,56.6,44.8,7.4,8.9,5.3,8.1,10,10.0
430,Tata,Tiago,ZX,hatchback,2021,591552,CNG,31.2,Automatic,5,800,63,93,3,"Dual Airbags, ABS, EBD","Power Windows, Central Locking",170,347,15024,3,9,61.9,41.9,9.7,7.5,10.0,3.1,6,4.0
431,Kia,Carens,Alpha,mpv,2025,3855119,Petrol,18.9,DCT,8,2200,128,157,5,"6 Airbags, ABS, EBD, ESP, 360 Camera, ADAS, Hill Hold Control, TPMS, Electronic Stability Control","Dual Zone Climate Control, 10-inch Touchscreen, Wireless Charging, Ventilated Seats, Panoramic Sunroof, Premium Sound System",187,221,104320,3,10,66.0,43.1,6.2,9.9,6.3,6.4,10,12.0
432,Maruti Suzuki,Dzire,LX,sedan,2020,1784932,Petrol,16.6,Manual,5,1500,93,134,5,"6 Airbags, ABS, EBD, ESP, 360 Camera, Hill Hold Control, TPMS","Automatic Climate Control, Touchscreen Infotainment, Wireless Charging, Cruise Control, Sunroof",187,516,59091,5,6,58.3,45.5,9.0,8.7,5.5,4.7,10,10.0
433,Hyundai,Tucson,Top,suv,2024,2078745,CNG,21.8,CVT,5,1500,158,198,3,"6 Airbags, ABS, EBD, ESP, 360 Camera, ADAS, Hill Hold Control, TPMS, Electronic Stability Control","Dual Zone Climate Control, 10-inch Touchscreen, Wireless Charging, Ventilated Seats, Panoramic Sunroof, Premium Sound System",213,315,56207,3,5,60.3,43.2,6.8,8.9,7.3,7.9,6,12.0
434,Toyota,Glanza,VX,hatchback,2021,961323,Petrol,12.6,Manual,5,1000,72,95,4,"6 Airbags, ABS, EBD, ESP, Rear Parking Sensors, Hill Hold Control","Power Windows, Central Locking, Climate Control, Power Steering, Touchscreen Infotainment",163,262,31653,3,5,55.8,40.5,8.5,6.1,4.2,3.6,8,10.0
435,Hyundai,Creta,EX,suv,2021,3687982,Petrol,20.8,Manual,7,1600,200,252,4,"6 Airbags, ABS, EBD, ESP, 360 Camera, ADAS, Hill Hold Control, TPMS, Electronic Stability Control","Dual Zone Climate Control, 10-inch Touchscreen, Wireless Charging, Ventilated Seats, Panoramic Sunroof, Premium Sound System",218,273,127890,3,9,68.6,49.3,7.5,9.7,6.9,10.0,8,12.0
436,Toyota,Glanza,Top,hatchback,2024,537358,Petrol,17.5,Manual,5,1000,61,76,4,"Dual Airbags, ABS, EBD","Power Windows, Central Locking",162,293,18046,3,7,69.5,48.7,9.0,6.5,5.8,3.0,8,4.0
437,Hyundai,i10,VX,hatchback,2022,598165,CNG,29.1,Manual,5,1200,81,108,5,"Dual Airbags, ABS, EBD","Power Windows, Central Locking",177,315,19899,4,8,55.2,45.3,9.4,7.8,9.7,4.1,10,4.0
438,Hyundai,Kona Electric,Base,suv,2023,5798805,Electric,329.6,Automatic,5,0,248,371,4,"6 Airbags, ABS, EBD, ESP, 360 Camera, ADAS, Hill Hold Control, TPMS, Electronic Stability Control","Dual Zone Climate Control, 10-inch Touchscreen, Wireless Charging, Ventilated Seats, Panoramic Sunroof, Premium Sound System",181,262,182962,5,7,58.1,41.3,7.8,8.8,10.0,10.0,8,12.0
439,Hyundai,Kona Electric,SX,suv,2024,3641576,Electric,497.5,Automatic,5,0,169,247,4,"6 Airbags, ABS, EBD, ESP, 360 Camera, ADAS, Hill Hold Control, TPMS, Electronic Stability Control","Dual Zone Climate Control, 10-inch Touchscreen, Wireless Charging, Ventilated Seats, Panoramic Sunroof, Premium Sound System",206,270,95360,3,9,65.5,52.5,6.2,9.6,10.0,8.4,8,12.0
440,Nissan,Magnite,Mid,suv,2020,2224358,Diesel,22.0,Manual,7,2500,137,190,4,"6 Airbags, ABS, EBD, ESP, 360 Camera, ADAS, Hill Hold Control, TPMS, Electronic Stability Control","Dual Zone Climate Control, 10-inch Touchscreen, Wireless Charging, Ventilated Seats, Panoramic Sunroof, Premium Sound System",199,324,57311,4,8,55.6,44.2,7.2,8.1,7.3,6.9,8,12.0
441,Honda,Jazz,ZX,hatchback,2023,862741,Petrol,12.0,DCT,5,1000,92,128,5,"Dual Airbags, ABS, EBD, Rear Parking Sensors","Power Windows, Central Locking, AC, Power Steering",168,286,34439,3,9,68.8,44.4,8.1,7.9,4.0,4.6,10,8.0
442,Mahindra,Marazzo,EX,mpv,2022,2583467,CNG,30.7,Manual,8,2500,155,217,4,"6 Airbags, ABS, EBD, ESP, 360 Camera, ADAS, Hill Hold Control, TPMS, Electronic Stability Control","Dual Zone Climate Control, 10-inch Touchscreen, Wireless Charging, Ventilated Seats, Panoramic Sunroof, Premium Sound System",183,235,86976,3,6,61.2,43.0,6.6,8.6,10.0,7.8,8,12.0
443,Kia,Carens,Top,mpv,2023,3787098,Petrol,20.3,Manual,8,2000,154,206,5,"6 Airbags, ABS, EBD, ESP, 360 Camera, ADAS, Hill Hold Control, TPMS, Electronic Stability Control","Dual Zone Climate Control, 10-inch Touchscreen, Wireless Charging, Ventilated Seats, Panoramic Sunroof, Premium Sound System",179,207,144860,3,5,66.3,49.2,6.6,8.5,6.8,7.7,10,12.0
444,Renault,Kiger,Alpha,suv,2020,1551274,Diesel,26.5,CVT,7,2200,185,222,5,"6 Airbags, ABS, EBD, ESP, 360 Camera, Hill Hold Control, TPMS","Power Windows, Central Locking, Climate Control, Power Steering, Touchscreen Infotainment",185,214,39407,5,7,63.9,52.3,7.1,9.4,8.8,9.2,10,10.0
445,Maruti Suzuki,WagonR,Alpha,hatchback,2023,830283,Petrol,12.6,CVT,7,1200,91,112,5,"Dual Airbags, ABS, EBD, Rear Parking Sensors","Power Windows, Central Locking, Climate Control, Power Steering, Touchscreen Infotainment",180,329,28547,3,9,65.3,41.7,8.0,7.2,4.2,4.5,10,10.0
446,Hyundai,i10,LX,hatchback,2023,1023411,Petrol,12.3,AMT,5,800,67,86,4,"6 Airbags, ABS, EBD, ESP, Rear Parking Sensors, Hill Hold Control","Power Windows, Central Locking, Climate Control, Power Steering, Touchscreen Infotainment",177,316,37286,5,10,64.3,46.5,9.3,6.4,4.1,3.4,8,10.0
447,MG,Hector Plus,VX,mpv,2023,3441169,Petrol,23.5,Manual,8,2200,149,209,3,"6 Airbags, ABS, EBD, ESP, 360 Camera, ADAS, Hill Hold Control, TPMS, Electronic Stability Control","Dual Zone Climate Control, 10-inch Touchscreen, Wireless Charging, Ventilated Seats, Panoramic Sunroof, Premium Sound System",178,308,79020,4,5,63.5,40.2,6.6,9.3,7.8,7.5,6,12.0
448,Maruti Suzuki,Grand Vitara,SX,suv,2025,931804,Diesel,21.5,Manual,5,2500,164,207,5,"6 Airbags, ABS, EBD, ESP, Rear Parking Sensors, Hill Hold Control","Power Windows, Central Locking, AC, Power Steering",191,367,21457,5,9,60.1,50.7,7.6,8.6,7.2,8.2,10,8.0
449,Kia,Carens,Alpha,mpv,2025,1812827,Petrol,18.3,DCT,8,2500,179,259,3,"6 Airbags, ABS, EBD, ESP, Rear Parking Sensors, Hill Hold Control","Power Windows, Central Locking, Climate Control, Power Steering, Touchscreen Infotainment",172,224,60376,4,8,59.9,43.5,7.5,9.8,6.1,8.9,6,10.0
450,Maruti Suzuki,Brezza,Base,suv,2021,3840041,Diesel,16.9,Manual,7,1600,141,173,4,"6 Airbags, ABS, EBD, ESP, 360 Camera, ADAS, Hill Hold Control, TPMS, Electronic Stability Control","Dual Zone Climate Control, 10-inch Touchscreen, Wireless Charging, Ventilated Seats, Panoramic Sunroof, Premium Sound System",188,363,120867,3,7,62.4,50.2,6.5,9.5,5.6,7.0,8,12.0
451,Hyundai,Grand i10 Nios,Mid,hatchback,2024,466313,Petrol,21.7,AMT,5,1200,94,137,4,"Dual Airbags, ABS, EBD","Power Windows, Central Locking",180,385,13953,3,8,62.5,45.3,9.8,7.7,7.2,4.7,8,4.0
452,Kia,Carens,Mid,mpv,2021,1406747,Petrol,18.2,AMT,7,1600,106,146,4,"6 Airbags, ABS, EBD, ESP, Rear Parking Sensors, Hill Hold Control","Automatic Climate Control, Touchscreen Infotainment, Wireless Charging, Cruise Control, Sunroof",173,299,47921,3,7,56.1,48.6,7.7,9.9,6.1,5.3,8,10.0
453,Renault,Duster,Base,suv,2022,2906649,Diesel,27.2,Manual,5,2000,153,195,4,"6 Airbags, ABS, EBD, ESP, 360 Camera, ADAS, Hill Hold Control, TPMS, Electronic Stability Control","Dual Zone Climate Control, 10-inch Touchscreen, Wireless Charging, Ventilated Seats, Panoramic Sunroof, Premium Sound System",183,235,70005,5,10,68.7,40.9,7.0,9.6,9.1,7.7,8,12.0
454,Nissan,Magnite,Mid,hatchback,2020,1037332,CNG,30.7,Manual,5,1200,62,76,4,"6 Airbags, ABS, EBD, ESP, Rear Parking Sensors, Hill Hold Control","Automatic Climate Control, Touchscreen Infotainment, Wireless Charging, Cruise Control, Sunroof",173,372,27041,3,5,55.4,51.7,8.4,7.2,10.0,3.1,8,10.0
455,Renault,Triber,EX,mpv,2020,3252962,Petrol,20.3,Automatic,8,1600,114,151,5,"6 Airbags, ABS, EBD, ESP, 360 Camera, ADAS, Hill Hold Control, TPMS, Electronic Stability Control","Dual Zone Climate Control, 10-inch Touchscreen, Wireless Charging, Ventilated Seats, Panoramic Sunroof, Premium Sound System",176,290,77657,4,6,58.5,48.8,6.5,9.5,6.8,5.7,10,12.0
456,Renault,Kwid,LX,hatchback,2025,945844,CNG,20.7,Manual,5,800,80,104,4,"Dual Airbags, ABS, EBD, Rear Parking Sensors","Power Windows, Central Locking, Climate Control, Power Steering, Touchscreen Infotainment",164,351,27972,3,5,56.1,54.1,8.4,7.4,6.9,4.0,8,10.0
457,MG,Hector,Alpha,suv,2021,3974734,Petrol,18.3,Automatic,5,1500,144,211,5,"6 Airbags, ABS, EBD, ESP, 360 Camera, ADAS, Hill Hold Control, TPMS, Electronic Stability Control","Dual Zone Climate Control, 10-inch Touchscreen, Wireless Charging, Ventilated Seats, Panoramic Sunroof, Premium Sound System",219,324,101736,3,9,58.5,51.1,6.4,8.7,6.1,7.2,10,12.0
458,Tata,Tiago,SX,hatchback,2023,623744,Petrol,17.4,AMT,5,800,77,98,4,"Dual Airbags, ABS, EBD, Rear Parking Sensors","Power Windows, Central Locking, AC, Power Steering",168,348,18654,4,8,55.7,43.1,8.4,6.9,5.8,3.9,8,8.0
459,Maruti Suzuki,Brezza,Alpha,suv,2020,4752544,Diesel,27.2,CVT,5,1500,143,202,4,"6 Airbags, ABS, EBD, ESP, 360 Camera, ADAS, Hill Hold Control, TPMS, Electronic Stability Control","Dual Zone Climate Control, 10-inch Touchscreen, Wireless Charging, Ventilated Seats, Panoramic Sunroof, Premium Sound System",207,400,164364,5,5,63.3,54.3,7.9,8.6,9.1,7.1,8,12.0
460,Renault,Triber,Alpha,mpv,2022,3726180,Petrol,23.5,CVT,7,1500,135,194,5,"6 Airbags, ABS, EBD, ESP, 360 Camera, ADAS, Hill Hold Control, TPMS, Electronic Stability Control","Dual Zone Climate Control, 10-inch Touchscreen, Wireless Charging, Ventilated Seats, Panoramic Sunroof, Premium Sound System",167,263,132006,4,9,60.9,49.2,6.7,9.3,7.8,6.8,10,12.0
461,Nissan,Magnite,VX,hatchback,2024,812839,Petrol,15.9,AMT,5,1000,61,81,4,"6 Airbags, ABS, EBD, ESP, Rear Parking Sensors, Hill Hold Control","Power Windows, Central Locking, Climate Control, Power Steering, Touchscreen Infotainment",180,392,19798,3,5,59.1,49.2,8.6,6.1,5.3,3.0,8,10.0
462,Tata,Harrier,VX,suv,2024,2596526,Diesel,17.5,Automatic,5,1500,129,159,3,"6 Airbags, ABS, EBD, ESP, 360 Camera, ADAS, Hill Hold Control, TPMS, Electronic Stability Control","Dual Zone Climate Control, 10-inch Touchscreen, Wireless Charging, Ventilated Seats, Panoramic Sunroof, Premium Sound System",212,312,82044,3,10,58.4,54.3,8.0,10.0,5.8,6.5,6,12.0
463,Maruti Suzuki,Brezza,LX,suv,2021,5485563,Petrol,17.3,Manual,5,1600,141,193,5,"6 Airbags, ABS, EBD, ESP, 360 Camera, ADAS, Hill Hold Control, TPMS, Electronic Stability Control","Dual Zone Climate Control, 10-inch Touchscreen, Wireless Charging, Ventilated Seats, Panoramic Sunroof, Premium Sound System",206,218,180133,4,5,59.9,51.8,6.7,8.8,5.8,7.0,10,12.0
464,Toyota,Innova Hycross,Base,mpv,2025,987110,Hybrid,21.6,Manual,8,2500,103,126,4,"6 Airbags, ABS, EBD, ESP, Rear Parking Sensors, Hill Hold Control","Power Windows, Central Locking, Climate Control, Power Steering, Touchscreen Infotainment",171,296,36142,3,10,57.3,51.4,7.3,9.9,7.2,5.2,8,10.0
465,Mahindra,Marazzo,Alpha,mpv,2021,4049586,Petrol,19.3,DCT,8,2000,124,179,4,"6 Airbags, ABS, EBD, ESP, 360 Camera, ADAS, Hill Hold Control, TPMS, Electronic Stability Control","Dual Zone Climate Control, 10-inch Touchscreen, Wireless Charging, Ventilated Seats, Panoramic Sunroof, Premium Sound System",172,284,100678,4,8,59.7,54.6,7.4,8.9,6.4,6.2,8,12.0
466,Kia,Sonet,ZX,suv,2025,6189796,Petrol,16.3,CVT,7,2200,200,265,4,"6 Airbags, ABS, EBD, ESP, 360 Camera, ADAS, Hill Hold Control, TPMS, Electronic Stability Control","Dual Zone Climate Control, 10-inch Touchscreen, Wireless Charging, Ventilated Seats, Panoramic Sunroof, Premium Sound System",188,337,154118,4,9,65.0,49.1,7.6,8.7,5.4,10.0,8,12.0
467,Hyundai,i20,EX,hatchback,2025,1147757,Petrol,13.8,Manual,5,1000,60,75,4,"6 Airbags, ABS, EBD, ESP, 360 Camera, Hill Hold Control, TPMS","Power Windows, Central Locking, Climate Control, Power Steering, Touchscreen Infotainment",164,258,42096,3,6,69.8,42.0,9.7,7.8,4.6,3.0,8,10.0
468,Kia,Seltos,EX,suv,2023,4406690,Petrol,15.5,Automatic,5,2500,178,219,5,"6 Airbags, ABS, EBD, ESP, 360 Camera, ADAS, Hill Hold Control, TPMS, Electronic Stability Control","Dual Zone Climate Control, 10-inch Touchscreen, Wireless Charging, Ventilated Seats, Panoramic Sunroof, Premium Sound System",184,389,169280,4,10,61.7,52.5,6.6,9.0,5.2,8.9,10,12.0
469,Tata,Tigor,Top,sedan,2022,2016449,Diesel,24.1,Manual,5,1500,108,135,5,"6 Airbags, ABS, EBD, ESP, 360 Camera, ADAS, Hill Hold Control, TPMS, Electronic Stability Control","Dual Zone Climate Control, 10-inch Touchscreen, Wireless Charging, Ventilated Seats, Panoramic Sunroof, Premium Sound System",173,424,49695,4,5,63.5,53.5,8.2,8.7,8.0,5.4,10,12.0
470,Kia,Carens,EX,suv,2022,3084146,Petrol,13.7,Automatic,7,2000,173,253,4,"6 Airbags, ABS, EBD, ESP, 360 Camera, ADAS, Hill Hold Control, TPMS, Electronic Stability Control","Dual Zone Climate Control, 10-inch Touchscreen, Wireless Charging, Ventilated Seats, Panoramic Sunroof, Premium Sound System",202,272,71897,4,8,61.6,53.3,6.6,9.8,4.6,8.7,8,12.0
471,Nissan,Magnite,VX,hatchback,2024,1120089,Petrol,14.5,Manual,5,1200,62,92,4,"6 Airbags, ABS, EBD, ESP, Rear Parking Sensors, Hill Hold Control","Power Windows, Central Locking, Climate Control, Power Steering, Touchscreen Infotainment",175,256,30680,4,8,66.0,47.8,9.7,6.6,4.8,3.1,8,10.0
472,Hyundai,i20,EX,hatchback,2025,679330,Petrol,13.0,Manual,5,1000,65,92,4,"Dual Airbags, ABS, EBD, Rear Parking Sensors","Power Windows, Central Locking, Climate Control, Power Steering, Touchscreen Infotainment",165,379,18142,4,10,62.7,51.7,9.4,6.6,4.3,3.2,8,10.0
473,Maruti Suzuki,Ertiga,Alpha,mpv,2025,1281781,Petrol,22.1,CVT,7,1600,175,229,5,"6 Airbags, ABS, EBD, ESP, Rear Parking Sensors, Hill Hold Control","Automatic Climate Control, Touchscreen Infotainment, Wireless Charging, Cruise Control, Sunroof",180,238,38056,3,8,59.2,43.0,7.8,9.9,7.4,8.8,10,10.0
474,Tata,Altroz,VX,hatchback,2023,775340,Petrol,19.6,AMT,5,1200,71,103,5,"6 Airbags, ABS, EBD, ESP, Rear Parking Sensors, Hill Hold Control","Power Windows, Central Locking, Climate Control, Power Steering, Touchscreen Infotainment",175,350,24777,5,7,56.4,41.7,9.8,7.5,6.5,3.5,10,10.0
475,MG,Astor,EX,suv,2020,2065513,Petrol,15.8,AMT,5,1600,199,291,5,"6 Airbags, ABS, EBD, ESP, 360 Camera, ADAS, Hill Hold Control, TPMS, Electronic Stability Control","Dual Zone Climate Control, 10-inch Touchscreen, Wireless Charging, Ventilated Seats, Panoramic Sunroof, Premium Sound System",211,353,58330,3,7,59.0,43.2,7.7,8.8,5.3,9.9,10,12.0
476,Renault,Duster,ZX,suv,2021,1505786,Diesel,20.8,Manual,5,1600,143,198,3,"6 Airbags, ABS, EBD, ESP, 360 Camera, Hill Hold Control, TPMS","Automatic Climate Control, Touchscreen Infotainment, Wireless Charging, Cruise Control, Sunroof",194,346,56485,5,10,56.7,54.5,7.2,8.3,6.9,7.1,6,10.0
477,Renault,Kwid,EX,hatchback,2022,962291,Petrol,20.5,Manual,7,1200,63,85,4,"Dual Airbags, ABS, EBD, Rear Parking Sensors","Power Windows, Central Locking, AC, Power Steering",177,351,35791,3,6,68.7,45.0,8.4,7.5,6.8,3.1,8,8.0
478,Maruti Suzuki,Alto,Alpha,hatchback,2025,1226412,Petrol,16.8,CVT,5,1000,79,95,4,"6 Airbags, ABS, EBD, ESP, Rear Parking Sensors, Hill Hold Control","Power Windows, Central Locking, Climate Control, Power Steering, Touchscreen Infotainment",168,281,44469,4,8,57.0,51.1,8.5,6.2,5.6,4.0,8,10.0
479,Maruti Suzuki,WagonR,Alpha,hatchback,2024,1093666,Petrol,13.8,DCT,5,1000,87,117,3,"6 Airbags, ABS, EBD, ESP, 360 Camera, Hill Hold Control, TPMS","Automatic Climate Control, Touchscreen Infotainment, Wireless Charging, Cruise Control, Sunroof",166,275,27653,5,8,60.6,46.4,8.4,6.8,4.6,4.3,6,10.0
480,Honda,City,Base,sedan,2022,1746264,Diesel,27.4,Manual,5,1500,94,129,3,"6 Airbags, ABS, EBD, ESP, Rear Parking Sensors, Hill Hold Control","Automatic Climate Control, Touchscreen Infotainment, Wireless Charging, Cruise Control, Sunroof",176,522,54593,5,7,57.2,49.4,7.2,8.1,9.1,4.7,6,10.0
481,Mahindra,Marazzo,Mid,mpv,2024,3203973,Petrol,19.4,Manual,7,2200,132,174,5,"6 Airbags, ABS, EBD, ESP, 360 Camera, ADAS, Hill Hold Control, TPMS, Electronic Stability Control","Dual Zone Climate Control, 10-inch Touchscreen, Wireless Charging, Ventilated Seats, Panoramic Sunroof, Premium Sound System",169,209,84677,5,8,68.1,44.0,6.4,9.1,6.5,6.6,10,12.0
482,MG,Hector Plus,LX,mpv,2021,3253448,Petrol,20.5,Manual,7,2200,189,231,3,"6 Airbags, ABS, EBD, ESP, 360 Camera, ADAS, Hill Hold Control, TPMS, Electronic Stability Control","Dual Zone Climate Control, 10-inch Touchscreen, Wireless Charging, Ventilated Seats, Panoramic Sunroof, Premium Sound System",165,241,98900,3,6,61.6,54.6,6.1,8.8,6.8,9.4,6,12.0
483,Honda,Jazz,VX,hatchback,2023,821131,Petrol,22.6,Manual,7,1200,83,113,3,"6 Airbags, ABS, EBD, ESP, Rear Parking Sensors, Hill Hold Control","Power Windows, Central Locking, AC, Power Steering",179,345,24952,4,8,58.2,45.0,9.5,8.0,7.5,4.1,6,8.0
484,Tata,Tigor,Base,sedan,2024,1586696,Petrol,14.2,Manual,5,1200,99,139,3,"6 Airbags, ABS, EBD, ESP, Rear Parking Sensors, Hill Hold Control","Automatic Climate Control, Touchscreen Infotainment, Wireless Charging, Cruise Control, Sunroof",175,424,33673,4,6,56.0,49.5,8.8,7.7,4.7,5.0,6,10.0
485,Maruti Suzuki,Ciaz,VX,sedan,2022,1489444,Diesel,23.0,Manual,5,1600,105,155,4,"6 Airbags, ABS, EBD, ESP, Rear Parking Sensors, Hill Hold Control","Power Windows, Central Locking, Climate Control, Power Steering, Touchscreen Infotainment",183,439,32856,3,6,58.9,41.5,8.6,8.2,7.7,5.2,8,10.0
486,Kia,Carens,SX,suv,2021,3018790,Petrol,14.8,Automatic,5,1600,118,147,5,"6 Airbags, ABS, EBD, ESP, 360 Camera, ADAS, Hill Hold Control, TPMS, Electronic Stability Control","Dual Zone Climate Control, 10-inch Touchscreen, Wireless Charging, Ventilated Seats, Panoramic Sunroof, Premium Sound System",200,219,114469,3,9,67.1,46.4,6.9,8.6,4.9,5.9,10,12.0
487,Hyundai,Verna,EX,sedan,2024,1680588,Petrol,20.5,Manual,5,1600,100,135,5,"6 Airbags, ABS, EBD, ESP, Rear Parking Sensors, Hill Hold Control","Power Windows, Central Locking, Climate Control, Power Steering, Touchscreen Infotainment",185,471,57521,4,8,62.4,51.8,8.4,8.1,6.8,5.0,10,10.0
488,Kia,Seltos,Base,suv,2020,3602387,Diesel,26.3,Manual,7,2500,171,250,5,"6 Airbags, ABS, EBD, ESP, 360 Camera, ADAS, Hill Hold Control, TPMS, Electronic Stability Control","Dual Zone Climate Control, 10-inch Touchscreen, Wireless Charging, Ventilated Seats, Panoramic Sunroof, Premium Sound System",192,297,99008,5,6,61.6,47.9,6.0,8.6,8.8,8.6,10,12.0
489,Hyundai,Alcazar,Alpha,suv,2024,1324692,Diesel,23.3,Manual,5,2200,105,157,5,"6 Airbags, ABS, EBD, ESP, 360 Camera, Hill Hold Control, TPMS","Power Windows, Central Locking, Climate Control, Power Steering, Touchscreen Infotainment",216,207,49362,4,10,61.8,42.6,7.5,9.3,7.8,5.2,10,10.0
490,Renault,Kwid,ZX,hatchback,2021,728822,Petrol,22.7,CVT,5,800,86,124,3,"6 Airbags, ABS, EBD, ESP, Rear Parking Sensors, Hill Hold Control","Power Windows, Central Locking, AC, Power Steering",170,274,27081,4,10,64.2,40.3,9.7,7.7,7.6,4.3,6,8.0
491,Nissan,Magnite,EX,suv,2021,2898121,Petrol,12.7,Manual,7,2000,110,137,3,"6 Airbags, ABS, EBD, ESP, 360 Camera, ADAS, Hill Hold Control, TPMS, Electronic Stability Control","Dual Zone Climate Control, 10-inch Touchscreen, Wireless Charging, Ventilated Seats, Panoramic Sunroof, Premium Sound System",218,250,97882,4,10,66.2,52.6,6.0,8.5,4.2,5.5,6,12.0
492,Toyota,Glanza,SX,hatchback,2023,1192430,Petrol,20.4,Manual,5,800,65,81,3,"6 Airbags, ABS, EBD, ESP, 360 Camera, Hill Hold Control, TPMS","Power Windows, Central Locking, Climate Control, Power Steering, Touchscreen Infotainment",165,252,29036,4,5,68.2,54.1,8.6,7.4,6.8,3.2,6,10.0
493,Honda,Jazz,VX,hatchback,2024,877041,Petrol,13.7,Manual,5,800,77,112,3,"6 Airbags, ABS, EBD, ESP, Rear Parking Sensors, Hill Hold Control","Power Windows, Central Locking, Climate Control, Power Steering, Touchscreen Infotainment",174,317,19161,4,7,60.2,49.6,8.9,7.3,4.6,3.9,6,10.0
494,Tata,Altroz,Top,hatchback,2022,1111406,Petrol,14.5,DCT,5,800,81,114,4,"6 Airbags, ABS, EBD, ESP, 360 Camera, Hill Hold Control, TPMS","Power Windows, Central Locking, Climate Control, Power Steering, Touchscreen Infotainment",176,303,27967,4,5,68.8,47.8,9.3,7.0,4.8,4.1,8,10.0
495,MG,Hector,EX,suv,2021,4638172,Diesel,24.4,Manual,5,2200,160,208,4,"6 Airbags, ABS, EBD, ESP, 360 Camera, ADAS, Hill Hold Control, TPMS, Electronic Stability Control","Dual Zone Climate Control, 10-inch Touchscreen, Wireless Charging, Ventilated Seats, Panoramic Sunroof, Premium Sound System",186,247,177470,4,8,63.2,51.3,6.9,9.2,8.1,8.0,8,12.0
496,Kia,Carens,VX,mpv,2024,3388791,Petrol,19.2,Manual,8,1500,129,184,5,"6 Airbags, ABS, EBD, ESP, 360 Camera, ADAS, Hill Hold Control, TPMS, Electronic Stability Control","Dual Zone Climate Control, 10-inch Touchscreen, Wireless Charging, Ventilated Seats, Panoramic Sunroof, Premium Sound System",181,227,96308,4,8,63.9,42.5,6.3,8.6,6.4,6.5,10,12.0
497,Tata,Punch,Mid,suv,2021,5230162,Petrol,21.6,Manual,7,2200,100,139,4,"6 Airbags, ABS, EBD, ESP, 360 Camera, ADAS, Hill Hold Control, TPMS, Electronic Stability Control","Dual Zone Climate Control, 10-inch Touchscreen, Wireless Charging, Ventilated Seats, Panoramic Sunroof, Premium Sound System",191,277,136771,3,6,61.5,50.9,6.3,9.1,7.2,5.0,8,12.0
498,Toyota,Glanza,Top,hatchback,2023,1057144,Petrol,17.6,Manual,5,1200,84,121,5,"6 Airbags, ABS, EBD, ESP, Rear Parking Sensors, Hill Hold Control","Automatic Climate Control, Touchscreen Infotainment, Wireless Charging, Cruise Control, Sunroof",164,331,37275,3,7,68.5,52.3,9.5,6.8,5.9,4.2,10,10.0
499,Toyota,Innova Crysta,LX,mpv,2021,2583079,CNG,29.2,Manual,8,2500,100,138,5,"6 Airbags, ABS, EBD, ESP, 360 Camera, ADAS, Hill Hold Control, TPMS, Electronic Stability Control","Dual Zone Climate Control, 10-inch Touchscreen, Wireless Charging, Ventilated Seats, Panoramic Sunroof, Premium Sound System",167,365,63547,4,5,58.2,46.5,6.7,9.3,9.7,5.0,10,12.0
500,Honda,Elevate,SX,suv,2024,4848574,Diesel,18.2,Manual,7,2200,110,143,5,"6 Airbags, ABS, EBD, ESP, 360 Camera, ADAS, Hill Hold Control, TPMS, Electronic Stability Control","Dual Zone Climate Control, 10-inch Touchscreen, Wireless Charging, Ventilated Seats, Panoramic Sunroof, Premium Sound System",205,203,112572,3,9,60.8,46.8,7.0,9.9,6.1,5.5,10,12.0
501,Kia,Carens,VX,mpv,2023,1543636,Petrol,20.9,Automatic,8,2000,199,267,4,"6 Airbags, ABS, EBD, ESP, 360 Camera, Hill Hold Control, TPMS","Power Windows, Central Locking, Climate Control, Power Steering, Touchscreen Infotainment",190,245,61150,5,10,56.2,40.1,7.9,9.4,7.0,9.9,8,10.0
502,Honda,City,EX,sedan,2024,1068638,Petrol,15.4,AMT,5,1500,103,125,4,"6 Airbags, ABS, EBD, ESP, 360 Camera, Hill Hold Control, TPMS","Automatic Climate Control, Touchscreen Infotainment, Wireless Charging, Cruise Control, Sunroof",178,486,35799,3,7,57.7,45.4,7.0,7.6,5.1,5.2,8,10.0
503,Maruti Suzuki,Baleno,Base,hatchback,2025,583745,Petrol,16.8,Automatic,5,800,68,96,4,"Dual Airbags, ABS, EBD","Power Windows, Central Locking",173,320,15707,4,9,58.7,52.4,9.7,7.5,5.6,3.4,8,4.0
504,Renault,Triber,Mid,mpv,2025,1407759,Petrol,12.5,Automatic,8,1500,143,211,5,"6 Airbags, ABS, EBD, ESP, 360 Camera, Hill Hold Control, TPMS","Automatic Climate Control, Touchscreen Infotainment, Wireless Charging, Cruise Control, Sunroof",165,247,54912,4,10,66.1,41.2,7.8,9.9,4.2,7.1,10,10.0
505,Mahindra,Scorpio,Alpha,suv,2021,1497993,Petrol,20.3,Manual,5,1600,197,291,4,"6 Airbags, ABS, EBD, ESP, Rear Parking Sensors, Hill Hold Control","Automatic Climate Control, Touchscreen Infotainment, Wireless Charging, Cruise Control, Sunroof",212,371,31330,4,10,59.3,40.1,6.4,9.6,6.8,9.8,8,10.0
506,Tata,Harrier,SX,suv,2024,3103159,Diesel,17.2,Manual,5,1600,108,149,5,"6 Airbags, ABS, EBD, ESP, 360 Camera, ADAS, Hill Hold Control, TPMS, Electronic Stability Control","Dual Zone Climate Control, 10-inch Touchscreen, Wireless Charging, Ventilated Seats, Panoramic Sunroof, Premium Sound System",218,317,98551,5,7,63.1,47.1,7.1,8.7,5.7,5.4,10,12.0
507,Toyota,Land Cruiser,Top,suv,2020,2764027,Petrol,14.5,DCT,7,2200,104,145,4,"6 Airbags, ABS, EBD, ESP, 360 Camera, ADAS, Hill Hold Control, TPMS, Electronic Stability Control","Dual Zone Climate Control, 10-inch Touchscreen, Wireless Charging, Ventilated Seats, Panoramic Sunroof, Premium Sound System",185,361,82176,4,6,66.2,47.9,6.6,9.5,4.8,5.2,8,12.0
508,MG,Hector Plus,Top,mpv,2021,2957275,Petrol,14.0,Manual,8,1500,196,292,4,"6 Airbags, ABS, EBD, ESP, 360 Camera, ADAS, Hill Hold Control, TPMS, Electronic Stability Control","Dual Zone Climate Control, 10-inch Touchscreen, Wireless Charging, Ventilated Seats, Panoramic Sunroof, Premium Sound System",180,260,81341,5,8,64.1,52.7,6.2,8.4,4.7,9.8,8,12.0
509,Hyundai,Creta,Top,suv,2020,5284251,Diesel,27.8,Manual,7,2000,196,248,5,"6 Airbags, ABS, EBD, ESP, 360 Camera, ADAS, Hill Hold Control, TPMS, Electronic Stability Control","Dual Zone Climate Control, 10-inch Touchscreen, Wireless Charging, Ventilated Seats, Panoramic Sunroof, Premium Sound System",197,281,187115,5,10,68.3,54.4,7.5,8.6,9.3,9.8,10,12.0
510,Renault,Triber,EX,mpv,2020,3356442,Petrol,17.6,Manual,7,2200,136,163,5,"6 Airbags, ABS, EBD, ESP, 360 Camera, ADAS, Hill Hold Control, TPMS, Electronic Stability Control","Dual Zone Climate Control, 10-inch Touchscreen, Wireless Charging, Ventilated Seats, Panoramic Sunroof, Premium Sound System",189,318,111178,5,8,63.7,46.3,6.8,8.4,5.9,6.8,10,12.0
511,Maruti Suzuki,Dzire,Alpha,sedan,2021,1730181,Diesel,27.3,CVT,5,1200,116,160,4,"6 Airbags, ABS, EBD, ESP, 360 Camera, Hill Hold Control, TPMS","Power Windows, Central Locking, Climate Control, Power Steering, Touchscreen Infotainment",188,499,53706,3,8,60.5,53.1,7.4,8.9,9.1,5.8,8,10.0
512,Mahindra,XUV700,VX,suv,2022,5462386,Petrol,18.9,Automatic,5,2200,130,187,5,"6 Airbags, ABS, EBD, ESP, 360 Camera, ADAS, Hill Hold Control, TPMS, Electronic Stability Control","Dual Zone Climate Control, 10-inch Touchscreen, Wireless Charging, Ventilated Seats, Panoramic Sunroof, Premium Sound System",212,364,121391,5,6,58.7,50.8,6.1,9.5,6.3,6.5,10,12.0
513,Kia,Carens,Mid,mpv,2025,1503550,Petrol,23.5,AMT,7,2200,192,233,5,"6 Airbags, ABS, EBD, ESP, Rear Parking Sensors, Hill Hold Control","Automatic Climate Control, Touchscreen Infotainment, Wireless Charging, Cruise Control, Sunroof",177,383,57958,5,8,61.4,41.9,6.3,8.5,7.8,9.6,10,10.0
514,Nissan,Magnite,ZX,hatchback,2023,851337,Petrol,16.1,CVT,5,1000,66,85,4,"6 Airbags, ABS, EBD, ESP, Rear Parking Sensors, Hill Hold Control","Power Windows, Central Locking, Climate Control, Power Steering, Touchscreen Infotainment",167,316,22857,5,7,66.8,50.5,9.1,7.2,5.4,3.3,8,10.0
515,Tata,Tigor,Base,sedan,2023,1360687,Petrol,16.5,Manual,5,1500,90,123,4,"6 Airbags, ABS, EBD, ESP, 360 Camera, Hill Hold Control, TPMS","Automatic Climate Control, Touchscreen Infotainment, Wireless Charging, Cruise Control, Sunroof",169,432,31201,4,7,64.6,40.4,7.4,7.6,5.5,4.5,8,10.0
516,Nissan,Magnite,ZX,hatchback,2023,1224498,Petrol,20.9,Manual,5,1200,70,104,4,"6 Airbags, ABS, EBD, ESP, 360 Camera, Hill Hold Control, TPMS","Automatic Climate Control, Touchscreen Infotainment, Wireless Charging, Cruise Control, Sunroof",172,374,40368,5,6,62.3,45.7,9.3,6.1,7.0,3.5,8,10.0
517,Mahindra,XUV700,LX,suv,2025,1873525,Petrol,20.7,Manual,5,2200,158,216,4,"6 Airbags, ABS, EBD, ESP, Rear Parking Sensors, Hill Hold Control","Power Windows, Central Locking, Climate Control, Power Steering, Touchscreen Infotainment",192,293,62360,4,5,69.3,47.6,6.5,9.9,6.9,7.9,8,10.0
518,Renault,Kwid,SX,hatchback,2021,802213,Petrol,15.0,Manual,5,800,89,111,5,"6 Airbags, ABS, EBD, ESP, Rear Parking Sensors, Hill Hold Control","Power Windows, Central Locking, Climate Control, Power Steering, Touchscreen Infotainment",162,298,27810,3,9,59.5,43.1,8.5,7.5,5.0,4.5,10,10.0
519,MG,Hector Plus,Alpha,mpv,2020,1493656,CNG,23.8,Manual,7,1500,156,191,3,"6 Airbags, ABS, EBD, ESP, Rear Parking Sensors, Hill Hold Control","Automatic Climate Control, Touchscreen Infotainment, Wireless Charging, Cruise Control, Sunroof",174,345,30159,4,10,68.3,51.7,6.4,9.6,7.9,7.8,6,10.0
520,Maruti Suzuki,XL6,VX,suv,2021,3696378,Petrol,18.1,Manual,5,2500,131,170,4,"6 Airbags, ABS, EBD, ESP, 360 Camera, ADAS, Hill Hold Control, TPMS, Electronic Stability Control","Dual Zone Climate Control, 10-inch Touchscreen, Wireless Charging, Ventilated Seats, Panoramic Sunroof, Premium Sound System",212,279,120200,3,8,55.1,53.4,7.0,9.0,6.0,6.6,8,12.0
521,Tata,Altroz,VX,hatchback,2024,910878,Petrol,22.3,Manual,7,800,66,94,4,"6 Airbags, ABS, EBD, ESP, Rear Parking Sensors, Hill Hold Control","Power Windows, Central Locking, Climate Control, Power Steering, Touchscreen Infotainment",176,370,20092,4,6,63.6,42.3,8.3,7.5,7.4,3.3,8,10.0
522,Tata,Tigor,ZX,sedan,2025,1916617,Diesel,23.8,DCT,5,1200,96,128,5,"6 Airbags, ABS, EBD, ESP, 360 Camera, Hill Hold Control, TPMS","Automatic Climate Control, Touchscreen Infotainment, Wireless Charging, Cruise Control, Sunroof",169,478,51124,4,7,61.7,46.4,7.8,7.8,7.9,4.8,10,10.0
523,Kia,Seltos,SX,suv,2021,2875543,Diesel,16.2,Manual,5,2000,147,177,4,"6 Airbags, ABS, EBD, ESP, 360 Camera, ADAS, Hill Hold Control, TPMS, Electronic Stability Control","Dual Zone Climate Control, 10-inch Touchscreen, Wireless Charging, Ventilated Seats, Panoramic Sunroof, Premium Sound System",204,283,89605,5,6,64.3,46.6,6.5,8.1,5.4,7.3,8,12.0
524,Tata,Safari,SX,suv,2022,4766502,Diesel,27.4,Manual,7,2000,177,243,3,"6 Airbags, ABS, EBD, ESP, 360 Camera, ADAS, Hill Hold Control, TPMS, Electronic Stability Control","Dual Zone Climate Control, 10-inch Touchscreen, Wireless Charging, Ventilated Seats, Panoramic Sunroof, Premium Sound System",183,363,127998,5,8,68.9,41.7,6.3,9.5,9.1,8.8,6,12.0
525,Toyota,Innova Crysta,Top,mpv,2025,1519856,Petrol,18.9,CVT,8,2000,173,235,4,"6 Airbags, ABS, EBD, ESP, 360 Camera, Hill Hold Control, TPMS","Power Windows, Central Locking, Climate Control, Power Steering, Touchscreen Infotainment",169,397,53800,5,10,59.7,52.8,7.8,8.9,6.3,8.7,8,10.0
526,Toyota,Innova Crysta,SX,mpv,2020,2263719,Petrol,14.4,Automatic,8,1500,117,144,4,"6 Airbags, ABS, EBD, ESP, 360 Camera, ADAS, Hill Hold Control, TPMS, Electronic Stability Control","Dual Zone Climate Control, 10-inch Touchscreen, Wireless Charging, Ventilated Seats, Panoramic Sunroof, Premium Sound System",177,324,81407,5,9,60.6,48.5,8.0,9.9,4.8,5.8,8,12.0
527,Toyota,Innova Hycross,ZX,mpv,2025,1451957,Hybrid,26.3,Automatic,7,2500,120,172,5,"6 Airbags, ABS, EBD, ESP, Rear Parking Sensors, Hill Hold Control","Automatic Climate Control, Touchscreen Infotainment, Wireless Charging, Cruise Control, Sunroof",184,366,57873,3,8,67.3,47.0,7.8,10.0,8.8,6.0,10,10.0
528,Tata,Punch,Top,suv,2021,5625373,Petrol,18.3,Manual,5,2500,137,164,5,"6 Airbags, ABS, EBD, ESP, 360 Camera, ADAS, Hill Hold Control, TPMS, Electronic Stability Control","Dual Zone Climate Control, 10-inch Touchscreen, Wireless Charging, Ventilated Seats, Panoramic Sunroof, Premium Sound System",181,202,137847,4,7,67.8,48.8,7.5,9.1,6.1,6.9,10,12.0
529,Mahindra,Bolero,Top,suv,2022,2010295,Petrol,15.7,Automatic,5,1600,169,220,3,"6 Airbags, ABS, EBD, ESP, 360 Camera, ADAS, Hill Hold Control, TPMS, Electronic Stability Control","Dual Zone Climate Control, 10-inch Touchscreen, Wireless Charging, Ventilated Seats, Panoramic Sunroof, Premium Sound System",200,258,66668,3,6,61.4,44.1,7.9,8.4,5.2,8.4,6,12.0
530,Toyota,Glanza,SX,hatchback,2020,511989,Petrol,23.4,Manual,5,1000,63,84,4,"Dual Airbags, ABS, EBD","Power Windows, Central Locking",166,347,16283,3,6,62.6,48.7,9.0,6.3,7.8,3.1,8,4.0
531,MG,ZS EV,ZX,suv,2023,4485124,Electric,383.0,Automatic,5,0,209,273,4,"6 Airbags, ABS, EBD, ESP, 360 Camera, ADAS, Hill Hold Control, TPMS, Electronic Stability Control","Dual Zone Climate Control, 10-inch Touchscreen, Wireless Charging, Ventilated Seats, Panoramic Sunroof, Premium Sound System",187,316,91150,4,8,69.4,41.5,6.7,8.6,10.0,10.0,8,12.0
532,Honda,Amaze,EX,sedan,2020,1470151,CNG,31.4,Manual,5,1200,89,129,3,"6 Airbags, ABS, EBD, ESP, Rear Parking Sensors, Hill Hold Control","Power Windows, Central Locking, Climate Control, Power Steering, Touchscreen Infotainment",181,439,33525,4,5,63.9,43.1,8.5,7.6,10.0,4.5,6,10.0
533,Tata,Tigor,Top,sedan,2020,1222678,Petrol,23.1,Automatic,5,1500,93,120,4,"6 Airbags, ABS, EBD, ESP, 360 Camera, Hill Hold Control, TPMS","Automatic Climate Control, Touchscreen Infotainment, Wireless Charging, Cruise Control, Sunroof",165,406,32561,4,10,68.1,53.7,7.1,7.8,7.7,4.7,8,10.0
534,Tata,Tiago,ZX,hatchback,2021,610411,CNG,25.0,Manual,5,1000,86,125,4,"Dual Airbags, ABS, EBD, Rear Parking Sensors","Power Windows, Central Locking, AC, Power Steering",169,371,17939,4,7,64.8,45.5,9.2,7.4,8.3,4.3,8,8.0
535,MG,Hector Plus,Top,mpv,2022,1817515,Petrol,13.6,Automatic,7,1500,191,252,5,"6 Airbags, ABS, EBD, ESP, Rear Parking Sensors, Hill Hold Control","Power Windows, Central Locking, Climate Control, Power Steering, Touchscreen Infotainment",172,264,43061,5,7,65.7,46.9,7.2,9.0,4.5,9.5,10,10.0
536,Honda,City,EX,sedan,2021,839718,Petrol,13.7,AMT,5,1600,83,119,5,"Dual Airbags, ABS, EBD, Rear Parking Sensors","Power Windows, Central Locking, AC, Power Steering",185,408,30824,3,8,59.8,48.6,8.0,7.7,4.6,4.1,10,8.0
537,MG,ZS EV,SX,suv,2024,5112207,Electric,323.6,Automatic,7,0,166,215,5,"6 Airbags, ABS, EBD, ESP, 360 Camera, ADAS, Hill Hold Control, TPMS, Electronic Stability Control","Dual Zone Climate Control, 10-inch Touchscreen, Wireless Charging, Ventilated Seats, Panoramic Sunroof, Premium Sound System",196,287,184753,4,8,64.9,50.0,6.7,9.0,10.0,8.3,10,12.0
538,Hyundai,Tucson,Base,suv,2020,2605263,Diesel,17.5,Manual,7,1500,170,240,3,"6 Airbags, ABS, EBD, ESP, 360 Camera, ADAS, Hill Hold Control, TPMS, Electronic Stability Control","Dual Zone Climate Control, 10-inch Touchscreen, Wireless Charging, Ventilated Seats, Panoramic Sunroof, Premium Sound System",202,278,75686,5,9,57.7,52.3,7.8,9.0,5.8,8.5,6,12.0
539,Tata,Tigor,LX,sedan,2025,1010115,Petrol,16.2,Automatic,5,1600,113,137,4,"6 Airbags, ABS, EBD, ESP, Rear Parking Sensors, Hill Hold Control","Power Windows, Central Locking, Climate Control, Power Steering, Touchscreen Infotainment",176,440,22225,3,10,67.9,43.4,8.9,8.4,5.4,5.6,8,10.0
540,Renault,Triber,VX,mpv,2020,2977658,Petrol,23.6,AMT,8,2500,153,224,4,"6 Airbags, ABS, EBD, ESP, 360 Camera, ADAS, Hill Hold Control, TPMS, Electronic Stability Control","Dual Zone Climate Control, 10-inch Touchscreen, Wireless Charging, Ventilated Seats, Panoramic Sunroof, Premium Sound System",169,384,115422,3,7,65.6,50.0,6.4,9.5,7.9,7.7,8,12.0
541,Nissan,Magnite,EX,hatchback,2020,710046,Petrol,17.8,AMT,5,800,86,113,3,"6 Airbags, ABS, EBD, ESP, Rear Parking Sensors, Hill Hold Control","Power Windows, Central Locking, AC, Power Steering",167,320,16195,4,10,66.1,54.2,8.3,6.9,5.9,4.3,6,8.0
542,Honda,Elevate,Mid,suv,2022,5349743,Petrol,21.3,AMT,5,2000,115,156,4,"6 Airbags, ABS, EBD, ESP, 360 Camera, ADAS, Hill Hold Control, TPMS, Electronic Stability Control","Dual Zone Climate Control, 10-inch Touchscreen, Wireless Charging, Ventilated Seats, Panoramic Sunroof, Premium Sound System",189,218,201174,5,7,69.2,40.6,7.7,8.5,7.1,5.8,8,12.0
543,MG,Hector Plus,SX,mpv,2025,1478667,Petrol,14.7,Automatic,7,2500,146,185,5,"6 Airbags, ABS, EBD, ESP, 360 Camera, Hill Hold Control, TPMS","Automatic Climate Control, Touchscreen Infotainment, Wireless Charging, Cruise Control, Sunroof",178,214,48442,4,10,59.1,43.8,7.0,8.8,4.9,7.3,10,10.0
544,Honda,Elevate,Base,suv,2023,2557138,CNG,27.0,AMT,7,2000,113,169,5,"6 Airbags, ABS, EBD, ESP, 360 Camera, ADAS, Hill Hold Control, TPMS, Electronic Stability Control","Dual Zone Climate Control, 10-inch Touchscreen, Wireless Charging, Ventilated Seats, Panoramic Sunroof, Premium Sound System",211,343,82168,5,9,62.8,53.9,6.8,9.2,9.0,5.6,10,12.0
545,Nissan,Magnite,Mid,hatchback,2021,968667,CNG,24.3,Manual,5,1000,88,128,4,"Dual Airbags, ABS, EBD, Rear Parking Sensors","Power Windows, Central Locking, Climate Control, Power Steering, Touchscreen Infotainment",180,360,32335,3,9,57.7,49.5,8.7,6.6,8.1,4.4,8,10.0
546,MG,Hector,ZX,suv,2020,1431258,Diesel,21.4,Manual,5,2000,198,284,4,"6 Airbags, ABS, EBD, ESP, 360 Camera, Hill Hold Control, TPMS","Automatic Climate Control, Touchscreen Infotainment, Wireless Charging, Cruise Control, Sunroof",202,399,51968,4,7,60.3,48.1,7.6,9.9,7.1,9.9,8,10.0
547,Toyota,Urban Cruiser,Mid,suv,2022,2601175,Petrol,18.0,Manual,7,2000,190,255,4,"6 Airbags, ABS, EBD, ESP, 360 Camera, ADAS, Hill Hold Control, TPMS, Electronic Stability Control","Dual Zone Climate Control, 10-inch Touchscreen, Wireless Charging, Ventilated Seats, Panoramic Sunroof, Premium Sound System",208,292,91289,3,5,56.7,48.7,7.8,9.4,6.0,9.5,8,12.0
548,Renault,Kiger,EX,suv,2022,5117926,Petrol,13.1,Manual,5,2000,168,219,3,"6 Airbags, ABS, EBD, ESP, 360 Camera, ADAS, Hill Hold Control, TPMS, Electronic Stability Control","Dual Zone Climate Control, 10-inch Touchscreen, Wireless Charging, Ventilated Seats, Panoramic Sunroof, Premium Sound System",204,226,188852,5,9,63.6,41.2,8.0,8.9,4.4,8.4,6,12.0
549,Maruti Suzuki,Dzire,VX,sedan,2023,1271068,Petrol,14.7,Manual,5,1200,108,150,4,"6 Airbags, ABS, EBD, ESP, Rear Parking Sensors, Hill Hold Control","Automatic Climate Control, Touchscreen Infotainment, Wireless Charging, Cruise Control, Sunroof",172,405,47220,4,8,63.3,55.0,7.4,7.4,4.9,5.4,8,10.0
550,Renault,Triber,VX,mpv,2021,2286526,Petrol,23.8,Manual,8,2000,130,168,4,"6 Airbags, ABS, EBD, ESP, 360 Camera, ADAS, Hill Hold Control, TPMS, Electronic Stability Control","Dual Zone Climate Control, 10-inch Touchscreen, Wireless Charging, Ventilated Seats, Panoramic Sunroof, Premium Sound System",187,234,60440,5,9,63.7,41.4,7.8,10.0,7.9,6.5,8,12.0
551,MG,Astor,LX,suv,2020,2836618,Diesel,24.6,Manual,7,2500,106,141,4,"6 Airbags, ABS, EBD, ESP, 360 Camera, ADAS, Hill Hold Control, TPMS, Electronic Stability Control","Dual Zone Climate Control, 10-inch Touchscreen, Wireless Charging, Ventilated Seats, Panoramic Sunroof, Premium Sound System",217,311,60400,3,9,61.7,49.8,7.8,9.0,8.2,5.3,8,12.0
552,Tata,Altroz,Mid,hatchback,2022,493253,Diesel,22.8,AMT,7,1000,68,101,4,"Dual Airbags, ABS, EBD","Power Windows, Central Locking",174,329,15176,5,7,58.5,52.0,9.0,6.8,7.6,3.4,8,4.0
553,Renault,Kiger,Base,suv,2021,1703976,Diesel,20.3,Automatic,5,1500,167,221,3,"6 Airbags, ABS, EBD, ESP, Rear Parking Sensors, Hill Hold Control","Power Windows, Central Locking, Climate Control, Power Steering, Touchscreen Infotainment",218,398,59939,3,5,64.7,47.4,6.2,8.2,6.8,8.3,6,10.0
554,Kia,Carens,EX,mpv,2023,2799856,Petrol,13.7,Manual,7,2000,145,181,4,"6 Airbags, ABS, EBD, ESP, 360 Camera, ADAS, Hill Hold Control, TPMS, Electronic Stability Control","Dual Zone Climate Control, 10-inch Touchscreen, Wireless Charging, Ventilated Seats, Panoramic Sunroof, Premium Sound System",173,327,61077,4,6,58.4,54.8,7.3,8.7,4.6,7.2,8,12.0
555,Hyundai,Venue,Base,suv,2024,3830183,Diesel,16.7,Manual,5,1500,167,201,4,"6 Airbags, ABS, EBD, ESP, 360 Camera, ADAS, Hill Hold Control, TPMS, Electronic Stability Control","Dual Zone Climate Control, 10-inch Touchscreen, Wireless Charging, Ventilated Seats, Panoramic Sunroof, Premium Sound System",199,207,137889,5,7,67.9,54.3,6.4,9.2,5.6,8.3,8,12.0
556,Tata,Tigor,Mid,sedan,2022,1116701,CNG,27.2,AMT,5,1600,91,123,5,"6 Airbags, ABS, EBD, ESP, 360 Camera, Hill Hold Control, TPMS","Power Windows, Central Locking, Climate Control, Power Steering, Touchscreen Infotainment",184,409,43222,3,7,56.6,50.2,8.2,7.3,9.1,4.5,10,10.0
557,Nissan,Magnite,Alpha,suv,2022,2262976,Diesel,25.4,Automatic,7,2000,131,171,4,"6 Airbags, ABS, EBD, ESP, 360 Camera, ADAS, Hill Hold Control, TPMS, Electronic Stability Control","Dual Zone Climate Control, 10-inch Touchscreen, Wireless Charging, Ventilated Seats, Panoramic Sunroof, Premium Sound System",211,248,81198,3,5,68.7,53.8,7.6,9.8,8.5,6.6,8,12.0
558,Nissan,Magnite,ZX,hatchback,2023,793899,Diesel,25.1,DCT,5,800,88,125,4,"6 Airbags, ABS, EBD, ESP, Rear Parking Sensors, Hill Hold Control","Power Windows, Central Locking, Climate Control, Power Steering, Touchscreen Infotainment",173,346,17186,3,5,59.8,47.3,8.8,7.0,8.4,4.4,8,10.0
559,Honda,Jazz,LX,hatchback,2020,1098927,Diesel,26.7,Manual,7,1200,80,113,4,"6 Airbags, ABS, EBD, ESP, Rear Parking Sensors, Hill Hold Control","Automatic Climate Control, Touchscreen Infotainment, Wireless Charging, Cruise Control, Sunroof",172,298,29709,5,10,68.1,51.1,9.0,6.4,8.9,4.0,8,10.0
560,Toyota,Glanza,Mid,hatchback,2022,727178,Petrol,14.2,Manual,5,1200,73,98,4,"Dual Airbags, ABS, EBD, Rear Parking Sensors","Power Windows, Central Locking, AC, Power Steering",172,302,27637,3,5,68.6,49.9,9.8,6.7,4.7,3.6,8,8.0
561,Mahindra,XUV400,EX,suv,2023,3582268,Petrol,15.0,Automatic,7,2000,126,186,4,"6 Airbags, ABS, EBD, ESP, 360 Camera, ADAS, Hill Hold Control, TPMS, Electronic Stability Control","Dual Zone Climate Control, 10-inch Touchscreen, Wireless Charging, Ventilated Seats, Panoramic Sunroof, Premium Sound System",197,304,121100,4,8,59.2,53.5,7.6,9.0,5.0,6.3,8,12.0
562,Nissan,Magnite,Base,hatchback,2025,633805,Petrol,17.4,Manual,5,800,70,102,4,"Dual Airbags, ABS, EBD, Rear Parking Sensors","Power Windows, Central Locking, Climate Control, Power Steering, Touchscreen Infotainment",165,315,24785,5,8,59.3,44.3,9.7,6.5,5.8,3.5,8,10.0
563,Renault,Triber,Top,mpv,2023,3650809,Petrol,12.4,Automatic,7,1600,104,150,3,"6 Airbags, ABS, EBD, ESP, 360 Camera, ADAS, Hill Hold Control, TPMS, Electronic Stability Control","Dual Zone Climate Control, 10-inch Touchscreen, Wireless Charging, Ventilated Seats, Panoramic Sunroof, Premium Sound System",189,377,131897,3,9,60.6,51.1,6.9,9.5,4.1,5.2,6,12.0
564,Mahindra,XUV300,Base,suv,2020,2803881,Diesel,20.1,Manual,5,2200,125,183,3,"6 Airbags, ABS, EBD, ESP, 360 Camera, ADAS, Hill Hold Control, TPMS, Electronic Stability Control","Dual Zone Climate Control, 10-inch Touchscreen, Wireless Charging, Ventilated Seats, Panoramic Sunroof, Premium Sound System",204,239,109173,5,6,57.8,42.9,7.3,8.9,6.7,6.2,6,12.0
565,MG,Comet EV,Alpha,hatchback,2021,1075264,Electric,357.6,Automatic,5,0,220,327,3,"6 Airbags, ABS, EBD, ESP, Rear Parking Sensors, Hill Hold Control","Automatic Climate Control, Touchscreen Infotainment, Wireless Charging, Cruise Control, Sunroof",176,386,21880,5,10,69.0,45.6,8.3,6.2,10.0,10.0,6,10.0
566,Nissan,Magnite,Mid,hatchback,2022,549141,CNG,26.8,AMT,5,1200,84,107,4,"Dual Airbags, ABS, EBD","Power Windows, Central Locking",174,310,18482,5,7,69.7,49.6,9.0,7.8,8.9,4.2,8,4.0
567,MG,Astor,Top,suv,2024,5146139,Petrol,23.6,CVT,5,2000,194,234,5,"6 Airbags, ABS, EBD, ESP, 360 Camera, ADAS, Hill Hold Control, TPMS, Electronic Stability Control","Dual Zone Climate Control, 10-inch Touchscreen, Wireless Charging, Ventilated Seats, Panoramic Sunroof, Premium Sound System",189,210,150260,5,6,69.8,41.9,7.3,8.4,7.9,9.7,10,12.0
568,Kia,Carens,SX,mpv,2021,2915096,Petrol,17.3,Manual,8,2000,141,197,3,"6 Airbags, ABS, EBD, ESP, 360 Camera, ADAS, Hill Hold Control, TPMS, Electronic Stability Control","Dual Zone Climate Control, 10-inch Touchscreen, Wireless Charging, Ventilated Seats, Panoramic Sunroof, Premium Sound System",181,252,72644,5,9,57.9,53.1,7.3,9.2,5.8,7.0,6,12.0
569,MG,Hector Plus,VX,mpv,2020,1506853,Petrol,13.7,Manual,8,2500,152,184,4,"6 Airbags, ABS, EBD, ESP, Rear Parking Sensors, Hill Hold Control","Automatic Climate Control, Touchscreen Infotainment, Wireless Charging, Cruise Control, Sunroof",181,310,35571,4,10,58.1,48.5,6.3,10.0,4.6,7.6,8,10.0
570,Toyota,Innova Crysta,Top,mpv,2021,1232484,Petrol,17.8,Automatic,7,1500,102,122,5,"6 Airbags, ABS, EBD, ESP, Rear Parking Sensors, Hill Hold Control","Automatic Climate Control, Touchscreen Infotainment, Wireless Charging, Cruise Control, Sunroof",167,280,47612,4,10,57.3,43.2,7.7,8.7,5.9,5.1,10,10.0
571,Toyota,Innova Hycross,ZX,mpv,2023,2619840,Hybrid,27.0,Automatic,8,2500,120,176,3,"6 Airbags, ABS, EBD, ESP, 360 Camera, ADAS, Hill Hold Control, TPMS, Electronic Stability Control","Dual Zone Climate Control, 10-inch Touchscreen, Wireless Charging, Ventilated Seats, Panoramic Sunroof, Premium Sound System",178,230,80287,5,6,63.4,49.4,7.4,8.6,9.0,6.0,6,12.0
572,Hyundai,i10,EX,hatchback,2022,526153,Petrol,17.7,Manual,7,1000,97,133,4,"Dual Airbags, ABS, EBD","Power Windows, Central Locking",160,375,20484,5,7,69.8,53.3,8.1,6.3,5.9,4.8,8,4.0
573,Tata,Tiago,ZX,hatchback,2020,633240,Petrol,21.5,Manual,5,800,99,145,4,"Dual Airbags, ABS, EBD, Rear Parking Sensors","Power Windows, Central Locking, Climate Control, Power Steering, Touchscreen Infotainment",168,299,19167,5,8,59.8,42.5,9.3,7.4,7.2,5.0,8,10.0
574,Kia,Sonet,VX,suv,2022,5451259,Diesel,25.1,Manual,5,2500,104,128,5,"6 Airbags, ABS, EBD, ESP, 360 Camera, ADAS, Hill Hold Control, TPMS, Electronic Stability Control","Dual Zone Climate Control, 10-inch Touchscreen, Wireless Charging, Ventilated Seats, Panoramic Sunroof, Premium Sound System",219,202,189119,3,8,58.0,47.1,6.8,9.4,8.4,5.2,10,12.0
575,Toyota,Land Cruiser,EX,suv,2022,4505580,Diesel,17.6,Automatic,5,1600,162,208,3,"6 Airbags, ABS, EBD, ESP, 360 Camera, ADAS, Hill Hold Control, TPMS, Electronic Stability Control","Dual Zone Climate Control, 10-inch Touchscreen, Wireless Charging, Ventilated Seats, Panoramic Sunroof, Premium Sound System",208,371,97752,5,9,68.4,40.3,6.3,9.5,5.9,8.1,6,12.0
576,Tata,Punch,Top,suv,2021,1732376,Petrol,13.0,Automatic,5,2000,179,218,4,"6 Airbags, ABS, EBD, ESP, 360 Camera, Hill Hold Control, TPMS","Automatic Climate Control, Touchscreen Infotainment, Wireless Charging, Cruise Control, Sunroof",186,356,38873,5,6,68.8,53.9,6.4,9.4,4.3,8.9,8,10.0
577,Hyundai,i20,LX,hatchback,2020,886264,Petrol,20.6,Automatic,5,800,90,130,5,"6 Airbags, ABS, EBD, ESP, Rear Parking Sensors, Hill Hold Control","Power Windows, Central Locking, AC, Power Steering",175,323,30692,5,8,57.8,40.1,8.4,6.4,6.9,4.5,10,8.0
578,Tata,Tigor,Mid,sedan,2025,1239187,Petrol,22.2,Manual,5,1500,120,174,4,"6 Airbags, ABS, EBD, ESP, 360 Camera, Hill Hold Control, TPMS","Automatic Climate Control, Touchscreen Infotainment, Wireless Charging, Cruise Control, Sunroof",171,509,31003,4,6,63.0,49.8,8.9,7.5,7.4,6.0,8,10.0
579,Tata,Tiago,Mid,hatchback,2025,532838,Petrol,22.8,AMT,7,800,88,105,5,"Dual Airbags, ABS, EBD","Power Windows, Central Locking",162,331,16924,4,10,64.1,54.4,9.1,7.5,7.6,4.4,10,4.0
580,Toyota,Innova Hycross,SX,mpv,2023,2471192,Hybrid,23.7,Manual,8,2500,195,245,4,"6 Airbags, ABS, EBD, ESP, 360 Camera, ADAS, Hill Hold Control, TPMS, Electronic Stability Control","Dual Zone Climate Control, 10-inch Touchscreen, Wireless Charging, Ventilated Seats, Panoramic Sunroof, Premium Sound System",166,376,66865,4,7,68.9,52.7,7.9,8.9,7.9,9.8,8,12.0
581,MG,Hector Plus,Top,mpv,2020,1173477,Petrol,16.6,DCT,7,2200,180,224,4,"6 Airbags, ABS, EBD, ESP, 360 Camera, Hill Hold Control, TPMS","Power Windows, Central Locking, Climate Control, Power Steering, Touchscreen Infotainment",169,351,45672,3,5,60.9,42.2,6.7,8.0,5.5,9.0,8,10.0
582,Honda,Elevate,LX,suv,2024,2244739,Petrol,17.2,Manual,7,2000,113,137,4,"6 Airbags, ABS, EBD, ESP, 360 Camera, ADAS, Hill Hold Control, TPMS, Electronic Stability Control","Dual Zone Climate Control, 10-inch Touchscreen, Wireless Charging, Ventilated Seats, Panoramic Sunroof, Premium Sound System",210,355,57883,3,8,67.1,46.2,6.0,8.6,5.7,5.6,8,12.0
583,Tata,Harrier,EX,suv,2022,4451663,Petrol,18.4,Manual,5,2000,172,256,3,"6 Airbags, ABS, EBD, ESP, 360 Camera, ADAS, Hill Hold Control, TPMS, Electronic Stability Control","Dual Zone Climate Control, 10-inch Touchscreen, Wireless Charging, Ventilated Seats, Panoramic Sunroof, Premium Sound System",208,294,126160,3,10,58.5,53.1,6.6,9.8,6.1,8.6,6,12.0
584,MG,ZS EV,ZX,suv,2021,6328390,Electric,415.4,Automatic,5,0,112,166,5,"6 Airbags, ABS, EBD, ESP, 360 Camera, ADAS, Hill Hold Control, TPMS, Electronic Stability Control","Dual Zone Climate Control, 10-inch Touchscreen, Wireless Charging, Ventilated Seats, Panoramic Sunroof, Premium Sound System",216,258,216191,5,6,62.3,47.0,6.0,9.0,10.0,5.6,10,12.0
585,Tata,Punch,Alpha,suv,2023,3957431,Petrol,22.7,Manual,5,2200,199,250,5,"6 Airbags, ABS, EBD, ESP, 360 Camera, ADAS, Hill Hold Control, TPMS, Electronic Stability Control","Dual Zone Climate Control, 10-inch Touchscreen, Wireless Charging, Ventilated Seats, Panoramic Sunroof, Premium Sound System",189,293,146248,3,6,58.3,40.0,6.7,9.2,7.6,9.9,10,12.0
586,Honda,Elevate,ZX,suv,2023,2962302,Petrol,21.9,Automatic,7,2000,193,235,5,"6 Airbags, ABS, EBD, ESP, 360 Camera, ADAS, Hill Hold Control, TPMS, Electronic Stability Control","Dual Zone Climate Control, 10-inch Touchscreen, Wireless Charging, Ventilated Seats, Panoramic Sunroof, Premium Sound System",213,329,75980,4,10,67.3,40.2,6.5,8.3,7.3,9.7,10,12.0
587,Maruti Suzuki,WagonR,EX,hatchback,2023,693481,Petrol,17.6,AMT,5,1200,70,96,5,"Dual Airbags, ABS, EBD, Rear Parking Sensors","Power Windows, Central Locking, Climate Control, Power Steering, Touchscreen Infotainment",174,320,16612,5,7,57.4,41.9,9.9,6.2,5.9,3.5,10,10.0
588,Toyota,Innova Hycross,Top,mpv,2024,3084880,Hybrid,23.2,Manual,7,2000,150,188,4,"6 Airbags, ABS, EBD, ESP, 360 Camera, ADAS, Hill Hold Control, TPMS, Electronic Stability Control","Dual Zone Climate Control, 10-inch Touchscreen, Wireless Charging, Ventilated Seats, Panoramic Sunroof, Premium Sound System",189,208,101407,4,9,55.6,47.7,7.4,9.4,7.7,7.5,8,12.0
589,MG,Comet EV,Top,hatchback,2023,1725677,Electric,330.3,Automatic,5,0,140,171,4,"6 Airbags, ABS, EBD, ESP, 360 Camera, Hill Hold Control, TPMS","Automatic Climate Control, Touchscreen Infotainment, Wireless Charging, Cruise Control, Sunroof",162,355,46371,3,8,63.2,47.9,9.3,6.8,10.0,7.0,8,10.0
590,Tata,Tiago,SX,hatchback,2021,808105,Petrol,21.2,Manual,5,800,95,114,4,"Dual Airbags, ABS, EBD, Rear Parking Sensors","Power Windows, Central Locking, Climate Control, Power Steering, Touchscreen Infotainment",161,260,19701,3,6,62.5,44.8,9.5,7.3,7.1,4.8,8,10.0
591,Maruti Suzuki,XL6,Base,suv,2023,1036635,Petrol,18.6,Automatic,5,1500,126,159,4,"6 Airbags, ABS, EBD, ESP, 360 Camera, Hill Hold Control, TPMS","Power Windows, Central Locking, Climate Control, Power Steering, Touchscreen Infotainment",217,294,31288,3,6,57.3,40.1,7.3,9.2,6.2,6.3,8,10.0
592,Honda,Elevate,Top,suv,2025,3704762,Diesel,25.1,CVT,5,2000,133,175,4,"6 Airbags, ABS, EBD, ESP, 360 Camera, ADAS, Hill Hold Control, TPMS, Electronic Stability Control","Dual Zone Climate Control, 10-inch Touchscreen, Wireless Charging, Ventilated Seats, Panoramic Sunroof, Premium Sound System",208,207,107107,5,9,66.6,43.1,6.2,8.8,8.4,6.7,8,12.0
593,Hyundai,Aura,VX,sedan,2021,1483456,CNG,30.6,Manual,5,1500,83,115,4,"6 Airbags, ABS, EBD, ESP, 360 Camera, Hill Hold Control, TPMS","Power Windows, Central Locking, Climate Control, Power Steering, Touchscreen Infotainment",181,406,38863,3,7,58.1,54.2,7.8,7.7,10.0,4.1,8,10.0
594,MG,Hector Plus,LX,mpv,2020,881248,Petrol,13.3,Automatic,7,1500,101,149,5,"6 Airbags, ABS, EBD, ESP, Rear Parking Sensors, Hill Hold Control","Power Windows, Central Locking, Climate Control, Power Steering, Touchscreen Infotainment",177,386,27637,3,5,60.5,49.7,7.9,9.5,4.4,5.0,10,10.0
595,Toyota,Glanza,EX,hatchback,2025,545865,Petrol,15.6,Manual,5,800,76,101,5,"Dual Airbags, ABS, EBD","Power Windows, Central Locking",166,280,20954,5,5,68.2,54.0,8.3,6.2,5.2,3.8,10,4.0
596,Mahindra,Marazzo,VX,mpv,2024,1278517,Petrol,18.8,Manual,7,1500,150,210,3,"6 Airbags, ABS, EBD, ESP, 360 Camera, Hill Hold Control, TPMS","Automatic Climate Control, Touchscreen Infotainment, Wireless Charging, Cruise Control, Sunroof",179,305,30045,3,5,64.8,54.4,7.8,9.4,6.3,7.5,6,10.0
597,Honda,Jazz,LX,hatchback,2024,442247,Petrol,17.4,Automatic,5,1000,95,141,4,"Dual Airbags, ABS, EBD","Power Windows, Central Locking",167,262,11379,3,7,61.8,47.1,8.3,7.3,5.8,4.8,8,4.0
598,Toyota,Land Cruiser,Top,suv,2022,4099217,Petrol,23.8,Manual,5,2500,152,198,4,"6 Airbags, ABS, EBD, ESP, 360 Camera, ADAS, Hill Hold Control, TPMS, Electronic Stability Control","Dual Zone Climate Control, 10-inch Touchscreen, Wireless Charging, Ventilated Seats, Panoramic Sunroof, Premium Sound System",218,264,154521,4,10,62.0,51.3,7.7,8.3,7.9,7.6,8,12.0
599,Maruti Suzuki,Grand Vitara,ZX,suv,2020,2431505,CNG,30.2,Manual,5,1500,153,224,5,"6 Airbags, ABS, EBD, ESP, 360 Camera, ADAS, Hill Hold Control, TPMS, Electronic Stability Control","Dual Zone Climate Control, 10-inch Touchscreen, Wireless Charging, Ventilated Seats, Panoramic Sunroof, Premium Sound System",214,210,73896,5,7,69.0,50.0,6.3,8.5,10.0,7.7,10,12.0
600,Toyota,Innova Crysta,ZX,mpv,2021,3193559,Petrol,21.6,CVT,8,2500,144,205,4,"6 Airbags, ABS, EBD, ESP, 360 Camera, ADAS, Hill Hold Control, TPMS, Electronic Stability Control","Dual Zone Climate Control, 10-inch Touchscreen, Wireless Charging, Ventilated Seats, Panoramic Sunroof, Premium Sound System",168,257,104778,4,10,68.4,42.8,6.0,9.6,7.2,7.2,8,12.0
601,Renault,Kwid,Top,hatchback,2025,1073601,Diesel,18.9,CVT,5,1200,100,122,5,"6 Airbags, ABS, EBD, ESP, Rear Parking Sensors, Hill Hold Control","Power Windows, Central Locking, Climate Control, Power Steering, Touchscreen Infotainment",160,325,24071,3,5,56.0,46.8,8.2,7.9,6.3,5.0,10,10.0
602,Nissan,Magnite,EX,suv,2023,5891801,Petrol,19.4,Automatic,7,1500,186,250,3,"6 Airbags, ABS, EBD, ESP, 360 Camera, ADAS, Hill Hold Control, TPMS, Electronic Stability Control","Dual Zone Climate Control, 10-inch Touchscreen, Wireless Charging, Ventilated Seats, Panoramic Sunroof, Premium Sound System",200,289,121493,5,8,66.3,51.5,6.8,9.2,6.5,9.3,6,12.0
603,Toyota,Innova Crysta,EX,mpv,2023,1455231,Petrol,17.8,Manual,8,2500,111,135,5,"6 Airbags, ABS, EBD, ESP, Rear Parking Sensors, Hill Hold Control","Automatic Climate Control, Touchscreen Infotainment, Wireless Charging, Cruise Control, Sunroof",177,391,38924,5,5,59.8,48.3,7.4,8.9,5.9,5.6,10,10.0
604,Hyundai,Grand i10 Nios,Top,hatchback,2025,558489,Petrol,20.1,Manual,7,800,92,115,4,"Dual Airbags, ABS, EBD","Power Windows, Central Locking",178,349,20120,5,10,55.7,48.8,9.4,7.0,6.7,4.6,8,4.0
605,MG,Astor,Base,suv,2025,1998524,Petrol,13.3,Manual,5,2200,162,206,4,"6 Airbags, ABS, EBD, ESP, Rear Parking Sensors, Hill Hold Control","Automatic Climate Control, Touchscreen Infotainment, Wireless Charging, Cruise Control, Sunroof",182,277,47272,4,9,67.7,43.4,6.9,9.4,4.4,8.1,8,10.0
606,Hyundai,i10,Top,hatchback,2024,1287139,Petrol,23.7,Manual,5,1000,83,119,4,"6 Airbags, ABS, EBD, ESP, 360 Camera, Hill Hold Control, TPMS","Power Windows, Central Locking, Climate Control, Power Steering, Touchscreen Infotainment",173,371,26606,4,10,61.3,41.0,8.5,7.9,7.9,4.1,8,10.0
607,Toyota,Innova Hycross,Alpha,mpv,2021,1858721,Hybrid,29.2,Automatic,7,1600,111,152,4,"6 Airbags, ABS, EBD, ESP, 360 Camera, Hill Hold Control, TPMS","Automatic Climate Control, Touchscreen Infotainment, Wireless Charging, Cruise Control, Sunroof",182,267,54939,5,9,61.2,48.4,6.5,8.3,9.7,5.6,8,10.0
608,Maruti Suzuki,Brezza,Alpha,suv,2023,3956075,Diesel,17.4,Automatic,7,2000,117,151,4,"6 Airbags, ABS, EBD, ESP, 360 Camera, ADAS, Hill Hold Control, TPMS, Electronic Stability Control","Dual Zone Climate Control, 10-inch Touchscreen, Wireless Charging, Ventilated Seats, Panoramic Sunroof, Premium Sound System",210,254,94049,4,8,58.2,42.6,7.1,9.3,5.8,5.8,8,12.0
609,Hyundai,Aura,Alpha,sedan,2023,2162409,Petrol,21.1,Automatic,5,1600,90,114,5,"6 Airbags, ABS, EBD, ESP, 360 Camera, ADAS, Hill Hold Control, TPMS, Electronic Stability Control","Dual Zone Climate Control, 10-inch Touchscreen, Wireless Charging, Ventilated Seats, Panoramic Sunroof, Premium Sound System",185,492,83798,4,5,66.3,40.6,7.6,7.8,7.0,4.5,10,12.0
610,Mahindra,Scorpio N,SX,suv,2020,5969270,CNG,25.8,Manual,7,1600,176,238,4,"6 Airbags, ABS, EBD, ESP, 360 Camera, ADAS, Hill Hold Control, TPMS, Electronic Stability Control","Dual Zone Climate Control, 10-inch Touchscreen, Wireless Charging, Ventilated Seats, Panoramic Sunroof, Premium Sound System",184,310,190995,4,9,56.3,53.4,6.3,9.3,8.6,8.8,8,12.0
611,Toyota,Land Cruiser,VX,suv,2024,4132573,Diesel,19.6,AMT,5,2500,162,213,5,"6 Airbags, ABS, EBD, ESP, 360 Camera, ADAS, Hill Hold Control, TPMS, Electronic Stability Control","Dual Zone Climate Control, 10-inch Touchscreen, Wireless Charging, Ventilated Seats, Panoramic Sunroof, Premium Sound System",217,377,128951,5,9,64.9,48.6,6.9,8.2,6.5,8.1,10,12.0
612,MG,ZS EV,Alpha,suv,2022,2320788,Electric,423.3,Automatic,5,0,241,308,4,"6 Airbags, ABS, EBD, ESP, 360 Camera, ADAS, Hill Hold Control, TPMS, Electronic Stability Control","Dual Zone Climate Control, 10-inch Touchscreen, Wireless Charging, Ventilated Seats, Panoramic Sunroof, Premium Sound System",198,352,70251,4,6,63.5,45.2,6.6,9.7,10.0,10.0,8,12.0
613,Renault,Triber,VX,mpv,2020,1908009,Petrol,20.0,Manual,7,1600,187,262,5,"6 Airbags, ABS, EBD, ESP, 360 Camera, Hill Hold Control, TPMS","Power Windows, Central Locking, Climate Control, Power Steering, Touchscreen Infotainment",190,318,60359,3,10,65.8,44.4,6.5,9.2,6.7,9.4,10,10.0
614,MG,Astor,EX,suv,2022,4454832,Petrol,18.8,Manual,5,2500,109,139,5,"6 Airbags, ABS, EBD, ESP, 360 Camera, ADAS, Hill Hold Control, TPMS, Electronic Stability Control","Dual Zone Climate Control, 10-inch Touchscreen, Wireless Charging, Ventilated Seats, Panoramic Sunroof, Premium Sound System",215,300,89387,3,8,61.8,54.9,7.2,8.6,6.3,5.5,10,12.0
615,Mahindra,XUV300,EX,suv,2020,5459082,Petrol,13.3,Manual,7,1500,117,146,4,"6 Airbags, ABS, EBD, ESP, 360 Camera, ADAS, Hill Hold Control, TPMS, Electronic Stability Control","Dual Zone Climate Control, 10-inch Touchscreen, Wireless Charging, Ventilated Seats, Panoramic Sunroof, Premium Sound System",183,210,201677,4,9,63.0,41.9,6.2,9.5,4.4,5.8,8,12.0
616,Maruti Suzuki,Alto,Mid,hatchback,2022,794232,Petrol,19.5,AMT,5,800,74,93,4,"6 Airbags, ABS, EBD, ESP, Rear Parking Sensors, Hill Hold Control","Power Windows, Central Locking, Climate Control, Power Steering, Touchscreen Infotainment",167,288,16249,5,6,57.6,54.5,8.8,7.1,6.5,3.7,8,10.0
617,Maruti Suzuki,Dzire,VX,sedan,2023,1742744,CNG,21.1,Manual,5,1200,109,150,5,"6 Airbags, ABS, EBD, ESP, Rear Parking Sensors, Hill Hold Control","Automatic Climate Control, Touchscreen Infotainment, Wireless Charging, Cruise Control, Sunroof",168,400,43177,4,9,67.9,52.7,7.9,7.5,7.0,5.5,10,10.0
618,MG,Hector Plus,EX,mpv,2024,2424612,Diesel,16.3,AMT,7,2200,167,217,3,"6 Airbags, ABS, EBD, ESP, 360 Camera, ADAS, Hill Hold Control, TPMS, Electronic Stability Control","Dual Zone Climate Control, 10-inch Touchscreen, Wireless Charging, Ventilated Seats, Panoramic Sunroof, Premium Sound System",181,357,67302,4,6,60.6,50.6,7.2,9.4,5.4,8.3,6,12.0
619,Mahindra,Scorpio,EX,suv,2023,4853758,Petrol,22.8,AMT,7,1500,187,276,4,"6 Airbags, ABS, EBD, ESP, 360 Camera, ADAS, Hill Hold Control, TPMS, Electronic Stability Control","Dual Zone Climate Control, 10-inch Touchscreen, Wireless Charging, Ventilated Seats, Panoramic Sunroof, Premium Sound System",184,315,166296,3,9,60.2,45.7,7.0,9.4,7.6,9.4,8,12.0
620,Kia,Carens,LX,suv,2020,2325211,Diesel,21.7,Automatic,5,2500,176,239,3,"6 Airbags, ABS, EBD, ESP, 360 Camera, ADAS, Hill Hold Control, TPMS, Electronic Stability Control","Dual Zone Climate Control, 10-inch Touchscreen, Wireless Charging, Ventilated Seats, Panoramic Sunroof, Premium Sound System",182,297,63458,3,10,68.7,41.4,7.4,8.1,7.2,8.8,6,12.0
621,Hyundai,Tucson,Top,suv,2025,2938583,Diesel,26.5,Manual,5,2000,121,164,4,"6 Airbags, ABS, EBD, ESP, 360 Camera, ADAS, Hill Hold Control, TPMS, Electronic Stability Control","Dual Zone Climate Control, 10-inch Touchscreen, Wireless Charging, Ventilated Seats, Panoramic Sunroof, Premium Sound System",185,358,61836,5,6,59.3,47.1,6.8,8.3,8.8,6.0,8,12.0
622,Maruti Suzuki,Dzire,Mid,sedan,2022,1121048,Petrol,15.2,Automatic,5,1200,109,148,4,"6 Airbags, ABS, EBD, ESP, Rear Parking Sensors, Hill Hold Control","Power Windows, Central Locking, Climate Control, Power Steering, Touchscreen Infotainment",182,447,27928,3,6,66.5,47.7,7.0,8.0,5.1,5.5,8,10.0
623,Maruti Suzuki,Ertiga,Top,mpv,2020,1761328,Petrol,13.9,DCT,7,2500,200,256,4,"6 Airbags, ABS, EBD, ESP, Rear Parking Sensors, Hill Hold Control","Power Windows, Central Locking, Climate Control, Power Steering, Touchscreen Infotainment",187,263,40936,5,5,69.7,42.0,6.6,9.1,4.6,10.0,8,10.0
624,MG,Hector Plus,Alpha,mpv,2020,4022453,Petrol,19.8,Manual,8,2000,167,247,3,"6 Airbags, ABS, EBD, ESP, 360 Camera, ADAS, Hill Hold Control, TPMS, Electronic Stability Control","Dual Zone Climate Control, 10-inch Touchscreen, Wireless Charging, Ventilated Seats, Panoramic Sunroof, Premium Sound System",180,232,145197,3,9,69.9,52.6,6.2,9.8,6.6,8.3,6,12.0
625,Kia,Carens,ZX,mpv,2023,1127467,Petrol,17.8,Manual,7,1600,157,229,5,"6 Airbags, ABS, EBD, ESP, Rear Parking Sensors, Hill Hold Control","Automatic Climate Control, Touchscreen Infotainment, Wireless Charging, Cruise Control, Sunroof",177,262,25758,3,7,62.3,47.0,6.9,9.8,5.9,7.9,10,10.0
626,Hyundai,Alcazar,Base,suv,2022,3165840,Diesel,16.9,Automatic,5,2500,161,195,5,"6 Airbags, ABS, EBD, ESP, 360 Camera, ADAS, Hill Hold Control, TPMS, Electronic Stability Control","Dual Zone Climate Control, 10-inch Touchscreen, Wireless Charging, Ventilated Seats, Panoramic Sunroof, Premium Sound System",210,217,85634,3,9,57.5,54.9,6.3,9.4,5.6,8.1,10,12.0
627,Honda,Jazz,Alpha,hatchback,2024,574171,Petrol,18.3,Manual,5,1000,99,132,4,"Dual Airbags, ABS, EBD","Power Windows, Central Locking",169,344,12068,5,5,68.3,51.4,8.9,7.0,6.1,5.0,8,4.0
628,Renault,Kwid,EX,hatchback,2021,850100,Petrol,20.6,Manual,5,800,65,90,4,"Dual Airbags, ABS, EBD, Rear Parking Sensors","Power Windows, Central Locking, AC, Power Steering",161,327,17207,3,8,63.5,46.3,9.7,6.3,6.9,3.2,8,8.0
629,Renault,Kiger,Base,suv,2024,1014245,Diesel,18.0,AMT,5,1500,128,171,5,"6 Airbags, ABS, EBD, ESP, 360 Camera, Hill Hold Control, TPMS","Power Windows, Central Locking, Climate Control, Power Steering, Touchscreen Infotainment",185,371,29607,4,10,69.7,52.8,7.9,8.5,6.0,6.4,10,10.0
630,Renault,Duster,Alpha,suv,2023,4104167,Petrol,20.6,CVT,7,1600,102,135,4,"6 Airbags, ABS, EBD, ESP, 360 Camera, ADAS, Hill Hold Control, TPMS, Electronic Stability Control","Dual Zone Climate Control, 10-inch Touchscreen, Wireless Charging, Ventilated Seats, Panoramic Sunroof, Premium Sound System",212,276,123032,5,5,69.3,44.5,7.7,8.2,6.9,5.1,8,12.0
631,Tata,Tigor,LX,sedan,2025,887450,Petrol,13.8,Automatic,5,1600,103,136,4,"6 Airbags, ABS, EBD, ESP, Rear Parking Sensors, Hill Hold Control","Power Windows, Central Locking, Climate Control, Power Steering, Touchscreen Infotainment",167,462,20632,4,5,66.6,53.9,7.1,7.8,4.6,5.2,8,10.0
632,Kia,Carens,ZX,mpv,2022,3692795,CNG,23.7,Manual,8,2500,127,167,5,"6 Airbags, ABS, EBD, ESP, 360 Camera, ADAS, Hill Hold Control, TPMS, Electronic Stability Control","Dual Zone Climate Control, 10-inch Touchscreen, Wireless Charging, Ventilated Seats, Panoramic Sunroof, Premium Sound System",174,262,118950,3,6,64.0,48.9,7.7,8.2,7.9,6.3,10,12.0
633,Hyundai,i10,Alpha,hatchback,2022,755007,Petrol,22.8,Automatic,5,1000,71,85,4,"6 Airbags, ABS, EBD, ESP, Rear Parking Sensors, Hill Hold Control","Power Windows, Central Locking, Climate Control, Power Steering, Touchscreen Infotainment",178,272,15710,4,5,55.6,48.7,10.0,7.2,7.6,3.5,8,10.0
634,Kia,Carens,VX,mpv,2023,1320793,Petrol,19.4,Manual,8,1500,159,219,4,"6 Airbags, ABS, EBD, ESP, Rear Parking Sensors, Hill Hold Control","Automatic Climate Control, Touchscreen Infotainment, Wireless Charging, Cruise Control, Sunroof",184,257,44617,3,7,65.0,50.4,7.6,8.7,6.5,8.0,8,10.0
635,Renault,Duster,EX,suv,2021,3082747,Diesel,24.0,AMT,5,1600,190,236,3,"6 Airbags, ABS, EBD, ESP, 360 Camera, ADAS, Hill Hold Control, TPMS, Electronic Stability Control","Dual Zone Climate Control, 10-inch Touchscreen, Wireless Charging, Ventilated Seats, Panoramic Sunroof, Premium Sound System",217,230,70760,4,6,65.8,44.2,6.7,8.6,8.0,9.5,6,12.0
636,Mahindra,Marazzo,EX,mpv,2023,2586211,Petrol,19.7,AMT,7,1500,146,182,3,"6 Airbags, ABS, EBD, ESP, 360 Camera, ADAS, Hill Hold Control, TPMS, Electronic Stability Control","Dual Zone Climate Control, 10-inch Touchscreen, Wireless Charging, Ventilated Seats, Panoramic Sunroof, Premium Sound System",167,212,53347,4,6,67.2,47.0,7.9,9.6,6.6,7.3,6,12.0
637,Toyota,Innova Crysta,ZX,mpv,2021,2756413,Petrol,20.5,Automatic,7,1600,132,174,4,"6 Airbags, ABS, EBD, ESP, 360 Camera, ADAS, Hill Hold Control, TPMS, Electronic Stability Control","Dual Zone Climate Control, 10-inch Touchscreen, Wireless Charging, Ventilated Seats, Panoramic Sunroof, Premium Sound System",175,237,57445,3,9,64.1,54.4,7.8,9.4,6.8,6.6,8,12.0
638,Maruti Suzuki,Ertiga,ZX,suv,2024,6374338,Petrol,21.3,CVT,5,1600,142,199,5,"6 Airbags, ABS, EBD, ESP, 360 Camera, ADAS, Hill Hold Control, TPMS, Electronic Stability Control","Dual Zone Climate Control, 10-inch Touchscreen, Wireless Charging, Ventilated Seats, Panoramic Sunroof, Premium Sound System",212,270,195165,5,9,68.9,42.9,7.5,9.5,7.1,7.1,10,12.0
639,Maruti Suzuki,XL6,Alpha,mpv,2024,2963314,Diesel,16.5,Manual,7,2500,180,268,3,"6 Airbags, ABS, EBD, ESP, 360 Camera, ADAS, Hill Hold Control, TPMS, Electronic Stability Control","Dual Zone Climate Control, 10-inch Touchscreen, Wireless Charging, Ventilated Seats, Panoramic Sunroof, Premium Sound System",178,318,113441,5,6,68.8,52.5,6.4,8.5,5.5,9.0,6,12.0
640,Maruti Suzuki,Ciaz,EX,sedan,2024,856283,Petrol,18.4,Manual,5,1500,95,125,4,"Dual Airbags, ABS, EBD, Rear Parking Sensors","Power Windows, Central Locking, Climate Control, Power Steering, Touchscreen Infotainment",182,539,33222,3,10,66.9,49.6,7.6,8.2,6.1,4.8,8,10.0
641,Maruti Suzuki,Ertiga,Alpha,mpv,2021,1736100,Petrol,15.5,Manual,7,2500,192,249,4,"6 Airbags, ABS, EBD, ESP, Rear Parking Sensors, Hill Hold Control","Power Windows, Central Locking, Climate Control, Power Steering, Touchscreen Infotainment",186,309,37488,5,8,55.3,41.9,7.5,8.5,5.2,9.6,8,10.0
642,Honda,Elevate,Top,suv,2020,2697440,Diesel,18.4,Automatic,5,2000,139,208,4,"6 Airbags, ABS, EBD, ESP, 360 Camera, ADAS, Hill Hold Control, TPMS, Electronic Stability Control","Dual Zone Climate Control, 10-inch Touchscreen, Wireless Charging, Ventilated Seats, Panoramic Sunroof, Premium Sound System",220,217,58061,3,5,69.3,41.0,7.5,9.5,6.1,6.9,8,12.0
643,Honda,Amaze,SX,sedan,2022,2065344,Petrol,18.0,AMT,5,1600,87,116,4,"6 Airbags, ABS, EBD, ESP, 360 Camera, ADAS, Hill Hold Control, TPMS, Electronic Stability Control","Dual Zone Climate Control, 10-inch Touchscreen, Wireless Charging, Ventilated Seats, Panoramic Sunroof, Premium Sound System",190,421,56022,3,6,60.8,42.8,8.9,8.5,6.0,4.3,8,12.0
644,Nissan,Magnite,Top,hatchback,2024,1249024,Petrol,13.9,Manual,5,1200,82,99,5,"6 Airbags, ABS, EBD, ESP, 360 Camera, Hill Hold Control, TPMS","Power Windows, Central Locking, Climate Control, Power Steering, Touchscreen Infotainment",176,353,30285,3,10,62.3,48.8,9.4,8.0,4.6,4.1,10,10.0
645,Mahindra,Marazzo,EX,mpv,2023,1220015,Petrol,16.4,AMT,7,1600,100,137,3,"6 Airbags, ABS, EBD, ESP, 360 Camera, Hill Hold Control, TPMS","Automatic Climate Control, Touchscreen Infotainment, Wireless Charging, Cruise Control, Sunroof",178,391,44836,4,5,57.0,41.4,7.0,9.5,5.5,5.0,6,10.0
646,MG,Hector Plus,Mid,mpv,2025,2449356,Petrol,12.4,Manual,7,2500,154,198,5,"6 Airbags, ABS, EBD, ESP, 360 Camera, ADAS, Hill Hold Control, TPMS, Electronic Stability Control","Dual Zone Climate Control, 10-inch Touchscreen, Wireless Charging, Ventilated Seats, Panoramic Sunroof, Premium Sound System",166,276,81554,3,7,67.2,55.0,6.6,9.7,4.1,7.7,10,12.0
647,Hyundai,Venue,SX,suv,2022,3710466,Petrol,12.3,Manual,5,1500,117,173,4,"6 Airbags, ABS, EBD, ESP, 360 Camera, ADAS, Hill Hold Control, TPMS, Electronic Stability Control","Dual Zone Climate Control, 10-inch Touchscreen, Wireless Charging, Ventilated Seats, Panoramic Sunroof, Premium Sound System",186,292,82622,4,7,68.3,42.7,6.4,9.6,4.1,5.8,8,12.0
648,Honda,Elevate,Alpha,suv,2025,4310748,Diesel,26.4,DCT,7,1500,151,215,3,"6 Airbags, ABS, EBD, ESP, 360 Camera, ADAS, Hill Hold Control, TPMS, Electronic Stability Control","Dual Zone Climate Control, 10-inch Touchscreen, Wireless Charging, Ventilated Seats, Panoramic Sunroof, Premium Sound System",206,223,142935,4,5,57.1,41.4,7.9,8.0,8.8,7.5,6,12.0
649,MG,Comet EV,ZX,hatchback,2025,931989,Electric,381.2,Automatic,5,0,120,165,4,"Dual Airbags, ABS, EBD, Rear Parking Sensors","Power Windows, Central Locking, AC, Power Steering",170,293,22090,5,5,64.5,40.3,8.4,7.4,10.0,6.0,8,8.0
650,Tata,Tigor,Base,sedan,2024,993320,Petrol,22.5,AMT,5,1600,95,115,4,"6 Airbags, ABS, EBD, ESP, Rear Parking Sensors, Hill Hold Control","Power Windows, Central Locking, AC, Power Steering",181,474,26705,4,8,68.7,44.3,7.5,8.7,7.5,4.8,8,8.0
651,Maruti Suzuki,Celerio,LX,hatchback,2022,652644,Petrol,20.3,Manual,7,1200,75,92,3,"Dual Airbags, ABS, EBD, Rear Parking Sensors","Power Windows, Central Locking, AC, Power Steering",162,351,14788,3,5,63.6,49.8,9.4,7.7,6.8,3.8,6,8.0
652,Maruti Suzuki,Ertiga,ZX,mpv,2021,1711999,Petrol,13.7,DCT,8,2200,148,206,4,"6 Airbags, ABS, EBD, ESP, 360 Camera, Hill Hold Control, TPMS","Power Windows, Central Locking, Climate Control, Power Steering, Touchscreen Infotainment",185,237,41320,4,10,67.9,49.9,7.0,9.9,4.6,7.4,8,10.0
653,Honda,Jazz,SX,hatchback,2020,554984,Petrol,21.4,Automatic,5,1000,73,96,5,"Dual Airbags, ABS, EBD","Power Windows, Central Locking",164,322,14200,4,8,66.8,47.9,9.2,6.7,7.1,3.6,10,4.0
654,Mahindra,Marazzo,VX,mpv,2024,3377682,Diesel,19.2,AMT,7,1600,102,146,4,"6 Airbags, ABS, EBD, ESP, 360 Camera, ADAS, Hill Hold Control, TPMS, Electronic Stability Control","Dual Zone Climate Control, 10-inch Touchscreen, Wireless Charging, Ventilated Seats, Panoramic Sunroof, Premium Sound System",177,256,134194,5,10,69.0,41.6,7.4,9.0,6.4,5.1,8,12.0
655,Hyundai,Kona Electric,VX,suv,2024,1462078,Electric,449.3,Automatic,5,0,225,334,3,"6 Airbags, ABS, EBD, ESP, 360 Camera, Hill Hold Control, TPMS","Automatic Climate Control, Touchscreen Infotainment, Wireless Charging, Cruise Control, Sunroof",195,393,57245,5,9,67.0,47.9,6.4,9.0,10.0,10.0,6,10.0
656,Renault,Kwid,Base,hatchback,2023,980777,Petrol,20.3,Automatic,5,1000,60,80,3,"6 Airbags, ABS, EBD, ESP, Rear Parking Sensors, Hill Hold Control","Power Windows, Central Locking, Climate Control, Power Steering, Touchscreen Infotainment",168,319,31114,5,10,67.6,49.0,9.1,6.2,6.8,3.0,6,10.0
657,Mahindra,XUV300,ZX,suv,2021,6287899,Petrol,18.4,Manual,5,2500,102,143,3,"6 Airbags, ABS, EBD, ESP, 360 Camera, ADAS, Hill Hold Control, TPMS, Electronic Stability Control","Dual Zone Climate Control, 10-inch Touchscreen, Wireless Charging, Ventilated Seats, Panoramic Sunroof, Premium Sound System",188,259,177411,3,8,61.2,54.9,6.1,9.4,6.1,5.1,6,12.0
658,Renault,Triber,LX,mpv,2020,1326868,Petrol,14.6,Manual,7,1500,175,231,5,"6 Airbags, ABS, EBD, ESP, 360 Camera, Hill Hold Control, TPMS","Power Windows, Central Locking, Climate Control, Power Steering, Touchscreen Infotainment",167,287,51046,5,5,67.1,51.9,7.1,9.3,4.9,8.8,10,10.0
659,MG,ZS EV,Top,suv,2022,1371046,Electric,431.5,Automatic,7,0,135,194,5,"6 Airbags, ABS, EBD, ESP, Rear Parking Sensors, Hill Hold Control","Power Windows, Central Locking, Climate Control, Power Steering, Touchscreen Infotainment",212,349,33709,5,5,61.4,45.2,6.7,8.9,10.0,6.8,10,10.0
660,Tata,Tiago,Base,hatchback,2023,564578,Petrol,14.3,Manual,5,1200,71,89,4,"Dual Airbags, ABS, EBD","Power Windows, Central Locking",164,325,16495,5,6,64.3,40.5,9.5,7.4,4.8,3.5,8,4.0
661,Toyota,Land Cruiser,Top,suv,2021,993127,CNG,25.7,DCT,5,1500,168,210,5,"6 Airbags, ABS, EBD, ESP, Rear Parking Sensors, Hill Hold Control","Power Windows, Central Locking, AC, Power Steering",185,395,22991,3,8,56.6,43.4,7.6,8.5,8.6,8.4,10,8.0
662,Renault,Duster,Top,suv,2020,3261022,Diesel,23.1,Manual,7,1600,178,258,4,"6 Airbags, ABS, EBD, ESP, 360 Camera, ADAS, Hill Hold Control, TPMS, Electronic Stability Control","Dual Zone Climate Control, 10-inch Touchscreen, Wireless Charging, Ventilated Seats, Panoramic Sunroof, Premium Sound System",200,266,104762,5,6,61.1,45.6,7.1,9.9,7.7,8.9,8,12.0
663,Nissan,Magnite,Base,hatchback,2021,518661,Petrol,20.4,AMT,7,1000,97,137,5,"Dual Airbags, ABS, EBD","Power Windows, Central Locking",161,382,12238,3,6,68.6,47.6,9.2,7.8,6.8,4.8,10,4.0
664,Toyota,Glanza,VX,hatchback,2025,704365,Petrol,13.6,AMT,5,1000,73,90,5,"Dual Airbags, ABS, EBD, Rear Parking Sensors","Power Windows, Central Locking, AC, Power Steering",179,363,15093,5,9,56.2,51.4,8.9,7.4,4.5,3.6,10,8.0
665,Toyota,Glanza,Base,hatchback,2023,425383,Petrol,21.3,Manual,5,1000,70,99,5,"Dual Airbags, ABS, EBD","Power Windows, Central Locking",178,270,9210,3,5,61.6,53.4,9.3,6.1,7.1,3.5,10,4.0
666,Nissan,Magnite,ZX,hatchback,2021,1207053,Petrol,20.1,DCT,5,1000,70,85,5,"6 Airbags, ABS, EBD, ESP, 360 Camera, Hill Hold Control, TPMS","Automatic Climate Control, Touchscreen Infotainment, Wireless Charging, Cruise Control, Sunroof",175,383,46115,3,6,67.4,44.3,9.2,6.1,6.7,3.5,10,10.0
667,Kia,Carens,Alpha,mpv,2020,1356620,Petrol,12.3,DCT,7,1600,148,192,4,"6 Airbags, ABS, EBD, ESP, 360 Camera, Hill Hold Control, TPMS","Automatic Climate Control, Touchscreen Infotainment, Wireless Charging, Cruise Control, Sunroof",181,238,38125,5,6,61.2,52.0,7.0,10.0,4.1,7.4,8,10.0
668,Toyota,Glanza,VX,hatchback,2020,1175259,Diesel,24.8,AMT,5,800,86,108,4,"6 Airbags, ABS, EBD, ESP, 360 Camera, Hill Hold Control, TPMS","Automatic Climate Control, Touchscreen Infotainment, Wireless Charging, Cruise Control, Sunroof",160,384,27848,3,7,67.0,53.9,9.7,6.5,8.3,4.3,8,10.0
669,Renault,Kwid,VX,hatchback,2020,703276,Petrol,15.1,AMT,7,1000,75,101,4,"Dual Airbags, ABS, EBD, Rear Parking Sensors","Power Windows, Central Locking, AC, Power Steering",172,318,17472,5,6,65.4,49.3,8.6,6.3,5.0,3.8,8,8.0
670,Nissan,Magnite,VX,suv,2023,2153760,Petrol,17.0,Automatic,5,2200,127,156,5,"6 Airbags, ABS, EBD, ESP, 360 Camera, ADAS, Hill Hold Control, TPMS, Electronic Stability Control","Dual Zone Climate Control, 10-inch Touchscreen, Wireless Charging, Ventilated Seats, Panoramic Sunroof, Premium Sound System",196,221,62974,3,7,69.2,49.5,6.3,9.9,5.7,6.3,10,12.0
671,Toyota,Urban Cruiser,Top,suv,2022,4617008,Petrol,20.1,CVT,7,2000,124,184,5,"6 Airbags, ABS, EBD, ESP, 360 Camera, ADAS, Hill Hold Control, TPMS, Electronic Stability Control","Dual Zone Climate Control, 10-inch Touchscreen, Wireless Charging, Ventilated Seats, Panoramic Sunroof, Premium Sound System",181,371,100152,4,8,66.9,52.9,7.0,9.9,6.7,6.2,10,12.0
672,Renault,Kwid,Mid,hatchback,2022,1064099,Petrol,18.7,Manual,7,1000,81,114,3,"6 Airbags, ABS, EBD, ESP, Rear Parking Sensors, Hill Hold Control","Automatic Climate Control, Touchscreen Infotainment, Wireless Charging, Cruise Control, Sunroof",161,324,35899,3,6,58.1,43.2,9.9,7.6,6.2,4.1,6,10.0
673,Mahindra,Thar,ZX,suv,2024,3329630,Diesel,17.5,Automatic,5,1500,112,158,4,"6 Airbags, ABS, EBD, ESP, 360 Camera, ADAS, Hill Hold Control, TPMS, Electronic Stability Control","Dual Zone Climate Control, 10-inch Touchscreen, Wireless Charging, Ventilated Seats, Panoramic Sunroof, Premium Sound System",209,384,125100,3,5,64.1,43.0,7.2,9.3,5.8,5.6,8,12.0
674,Mahindra,Marazzo,Top,mpv,2022,2270746,Petrol,15.9,Manual,7,1500,192,234,3,"6 Airbags, ABS, EBD, ESP, 360 Camera, ADAS, Hill Hold Control, TPMS, Electronic Stability Control","Dual Zone Climate Control, 10-inch Touchscreen, Wireless Charging, Ventilated Seats, Panoramic Sunroof, Premium Sound System",189,356,79991,4,8,56.4,54.4,7.7,9.6,5.3,9.6,6,12.0
675,Renault,Kwid,Top,hatchback,2025,560073,Petrol,12.3,Automatic,7,1000,86,106,3,"Dual Airbags, ABS, EBD","Power Windows, Central Locking",179,384,21555,3,8,60.0,49.6,9.0,7.5,4.1,4.3,6,4.0
676,Nissan,Magnite,Base,hatchback,2024,762589,CNG,24.7,Manual,5,800,79,109,5,"6 Airbags, ABS, EBD, ESP, Rear Parking Sensors, Hill Hold Control","Power Windows, Central Locking, AC, Power Steering",177,324,18696,4,8,60.1,40.4,8.3,8.0,8.2,4.0,10,8.0
677,Tata,Tigor,Mid,sedan,2020,1504426,Petrol,15.3,AMT,5,1200,85,108,3,"6 Airbags, ABS, EBD, ESP, 360 Camera, Hill Hold Control, TPMS","Power Windows, Central Locking, Climate Control, Power Steering, Touchscreen Infotainment",181,537,42342,5,7,64.5,51.7,7.7,8.0,5.1,4.2,6,10.0
678,Kia,Carens,Base,mpv,2020,1340169,Petrol,13.2,Manual,8,1500,124,181,3,"6 Airbags, ABS, EBD, ESP, Rear Parking Sensors, Hill Hold Control","Automatic Climate Control, Touchscreen Infotainment, Wireless Charging, Cruise Control, Sunroof",177,301,50512,3,8,57.3,46.8,6.6,9.5,4.4,6.2,6,10.0
679,Hyundai,Aura,VX,sedan,2024,1801610,Diesel,16.6,Automatic,5,1600,91,121,3,"6 Airbags, ABS, EBD, ESP, 360 Camera, Hill Hold Control, TPMS","Automatic Climate Control, Touchscreen Infotainment, Wireless Charging, Cruise Control, Sunroof",189,543,59242,3,6,69.8,52.5,7.6,8.9,5.5,4.5,6,10.0
680,Hyundai,Verna,Alpha,sedan,2021,2076742,Petrol,18.3,CVT,5,1500,99,125,5,"6 Airbags, ABS, EBD, ESP, 360 Camera, ADAS, Hill Hold Control, TPMS, Electronic Stability Control","Dual Zone Climate Control, 10-inch Touchscreen, Wireless Charging, Ventilated Seats, Panoramic Sunroof, Premium Sound System",182,535,47204,3,6,64.7,49.2,7.2,7.2,6.1,5.0,10,12.0
681,Toyota,Innova Crysta,Base,mpv,2025,1071958,Petrol,23.9,Manual,8,2500,123,182,5,"6 Airbags, ABS, EBD, ESP, 360 Camera, Hill Hold Control, TPMS","Automatic Climate Control, Touchscreen Infotainment, Wireless Charging, Cruise Control, Sunroof",183,242,30076,5,9,64.4,49.4,7.5,9.1,8.0,6.2,10,10.0
682,Kia,EV6,Mid,suv,2024,5118562,Electric,477.8,Automatic,5,0,217,311,4,"6 Airbags, ABS, EBD, ESP, 360 Camera, ADAS, Hill Hold Control, TPMS, Electronic Stability Control","Dual Zone Climate Control, 10-inch Touchscreen, Wireless Charging, Ventilated Seats, Panoramic Sunroof, Premium Sound System",220,345,127779,4,5,59.4,51.6,7.8,9.1,10.0,10.0,8,12.0
683,Tata,Tigor,Top,sedan,2023,2317399,Petrol,17.2,Automatic,5,1500,119,167,5,"6 Airbags, ABS, EBD, ESP, 360 Camera, ADAS, Hill Hold Control, TPMS, Electronic Stability Control","Dual Zone Climate Control, 10-inch Touchscreen, Wireless Charging, Ventilated Seats, Panoramic Sunroof, Premium Sound System",180,439,64794,3,8,69.6,40.5,7.9,8.5,5.7,5.9,10,12.0
684,Honda,Amaze,ZX,sedan,2020,1766378,Petrol,19.2,CVT,5,1600,88,122,4,"6 Airbags, ABS, EBD, ESP, Rear Parking Sensors, Hill Hold Control","Automatic Climate Control, Touchscreen Infotainment, Wireless Charging, Cruise Control, Sunroof",165,488,69242,5,6,68.5,48.5,7.9,7.1,6.4,4.4,8,10.0
685,Nissan,Magnite,EX,suv,2021,4841721,Petrol,18.6,AMT,5,1500,127,152,4,"6 Airbags, ABS, EBD, ESP, 360 Camera, ADAS, Hill Hold Control, TPMS, Electronic Stability Control","Dual Zone Climate Control, 10-inch Touchscreen, Wireless Charging, Ventilated Seats, Panoramic Sunroof, Premium Sound System",207,225,161908,5,6,67.1,44.7,6.7,9.8,6.2,6.3,8,12.0
686,Hyundai,Creta,VX,suv,2023,3968037,Petrol,19.1,Manual,7,1500,103,149,3,"6 Airbags, ABS, EBD, ESP, 360 Camera, ADAS, Hill Hold Control, TPMS, Electronic Stability Control","Dual Zone Climate Control, 10-inch Touchscreen, Wireless Charging, Ventilated Seats, Panoramic Sunroof, Premium Sound System",194,200,79877,5,9,60.9,53.3,6.1,8.1,6.4,5.2,6,12.0
687,Hyundai,Grand i10 Nios,LX,hatchback,2025,469395,Diesel,25.9,Manual,5,1000,93,113,4,"Dual Airbags, ABS, EBD","Power Windows, Central Locking",162,325,15300,3,7,55.8,46.1,8.4,7.3,8.6,4.7,8,4.0
688,Mahindra,Marazzo,Top,mpv,2021,2565637,Petrol,16.4,Automatic,8,2200,156,207,4,"6 Airbags, ABS, EBD, ESP, 360 Camera, ADAS, Hill Hold Control, TPMS, Electronic Stability Control","Dual Zone Climate Control, 10-inch Touchscreen, Wireless Charging, Ventilated Seats, Panoramic Sunroof, Premium Sound System",170,214,87966,4,10,61.0,52.9,7.3,9.2,5.5,7.8,8,12.0
689,Toyota,Glanza,SX,hatchback,2021,963778,Petrol,21.9,Manual,5,1200,98,119,5,"Dual Airbags, ABS, EBD, Rear Parking Sensors","Power Windows, Central Locking, Climate Control, Power Steering, Touchscreen Infotainment",176,386,24341,3,6,61.8,41.3,8.3,7.9,7.3,4.9,10,10.0
690,Mahindra,Scorpio N,Mid,suv,2022,2389723,Diesel,16.1,Manual,5,2500,120,144,3,"6 Airbags, ABS, EBD, ESP, 360 Camera, ADAS, Hill Hold Control, TPMS, Electronic Stability Control","Dual Zone Climate Control, 10-inch Touchscreen, Wireless Charging, Ventilated Seats, Panoramic Sunroof, Premium Sound System",207,260,87232,5,6,62.0,48.2,8.0,8.8,5.4,6.0,6,12.0
691,MG,Comet EV,VX,hatchback,2023,758641,Electric,352.9,Automatic,5,0,228,295,3,"6 Airbags, ABS, EBD, ESP, Rear Parking Sensors, Hill Hold Control","Power Windows, Central Locking, Climate Control, Power Steering, Touchscreen Infotainment",176,261,29937,3,7,59.3,40.8,8.9,7.4,10.0,10.0,6,10.0
692,MG,Comet EV,SX,hatchback,2020,1552199,Electric,448.2,Automatic,7,0,123,181,3,"6 Airbags, ABS, EBD, ESP, Rear Parking Sensors, Hill Hold Control","Power Windows, Central Locking, Climate Control, Power Steering, Touchscreen Infotainment",175,400,47691,3,10,57.9,47.8,9.9,6.3,10.0,6.2,6,10.0
693,Renault,Duster,SX,suv,2025,3286413,Petrol,21.9,Automatic,5,1600,169,237,4,"6 Airbags, ABS, EBD, ESP, 360 Camera, ADAS, Hill Hold Control, TPMS, Electronic Stability Control","Dual Zone Climate Control, 10-inch Touchscreen, Wireless Charging, Ventilated Seats, Panoramic Sunroof, Premium Sound System",181,286,80774,4,5,62.4,50.5,7.1,9.3,7.3,8.4,8,12.0
694,MG,Hector Plus,EX,mpv,2021,3123810,Diesel,18.8,Manual,7,2000,197,236,4,"6 Airbags, ABS, EBD, ESP, 360 Camera, ADAS, Hill Hold Control, TPMS, Electronic Stability Control","Dual Zone Climate Control, 10-inch Touchscreen, Wireless Charging, Ventilated Seats, Panoramic Sunroof, Premium Sound System",167,368,114998,3,10,60.2,50.1,6.2,8.8,6.3,9.8,8,12.0
695,Toyota,Glanza,Alpha,hatchback,2023,1113215,CNG,28.2,CVT,7,1200,64,86,5,"6 Airbags, ABS, EBD, ESP, Rear Parking Sensors, Hill Hold Control","Power Windows, Central Locking, Climate Control, Power Steering, Touchscreen Infotainment",178,285,29553,4,9,69.3,48.4,9.1,7.4,9.4,3.2,10,10.0
696,Mahindra,Marazzo,Alpha,mpv,2024,1293966,CNG,21.5,Automatic,8,2500,188,266,4,"6 Airbags, ABS, EBD, ESP, 360 Camera, Hill Hold Control, TPMS","Automatic Climate Control, Touchscreen Infotainment, Wireless Charging, Cruise Control, Sunroof",181,274,42658,4,7,67.7,49.1,7.1,8.1,7.2,9.4,8,10.0
697,Hyundai,Alcazar,SX,suv,2021,1200368,Petrol,23.5,Manual,7,2000,122,155,4,"6 Airbags, ABS, EBD, ESP, 360 Camera, Hill Hold Control, TPMS","Automatic Climate Control, Touchscreen Infotainment, Wireless Charging, Cruise Control, Sunroof",210,250,36953,5,5,69.0,46.8,6.8,8.2,7.8,6.1,8,10.0
698,Nissan,Magnite,SX,hatchback,2025,1161963,Petrol,17.9,Automatic,5,1200,87,117,5,"6 Airbags, ABS, EBD, ESP, Rear Parking Sensors, Hill Hold Control","Power Windows, Central Locking, Climate Control, Power Steering, Touchscreen Infotainment",170,382,36643,4,5,66.9,48.0,9.4,6.0,6.0,4.3,10,10.0
699,Tata,Tigor,Base,sedan,2021,1355723,Petrol,22.6,AMT,5,1500,119,154,4,"6 Airbags, ABS, EBD, ESP, Rear Parking Sensors, Hill Hold Control","Power Windows, Central Locking, Climate Control, Power Steering, Touchscreen Infotainment",186,431,31667,5,10,60.1,45.6,7.5,8.9,7.5,5.9,8,10.0
700,Kia,Carens,LX,mpv,2021,2237193,Petrol,21.9,Manual,7,1600,187,254,4,"6 Airbags, ABS, EBD, ESP, 360 Camera, ADAS, Hill Hold Control, TPMS, Electronic Stability Control","Dual Zone Climate Control, 10-inch Touchscreen, Wireless Charging, Ventilated Seats, Panoramic Sunroof, Premium Sound System",173,300,81895,3,9,69.4,53.9,7.9,8.7,7.3,9.4,8,12.0
701,Tata,Punch,ZX,suv,2022,6180509,Petrol,20.7,DCT,5,2200,121,180,3,"6 Airbags, ABS, EBD, ESP, 360 Camera, ADAS, Hill Hold Control, TPMS, Electronic Stability Control","Dual Zone Climate Control, 10-inch Touchscreen, Wireless Charging, Ventilated Seats, Panoramic Sunroof, Premium Sound System",217,256,230945,3,9,64.1,50.3,6.2,9.7,6.9,6.0,6,12.0
702,Renault,Kwid,ZX,hatchback,2025,1187440,Petrol,23.4,DCT,7,1000,95,123,4,"6 Airbags, ABS, EBD, ESP, 360 Camera, Hill Hold Control, TPMS","Automatic Climate Control, Touchscreen Infotainment, Wireless Charging, Cruise Control, Sunroof",168,307,23929,4,9,56.8,50.1,9.0,7.2,7.8,4.8,8,10.0
703,Tata,Tiago,Alpha,hatchback,2020,920979,Diesel,23.0,Automatic,5,1000,73,96,3,"6 Airbags, ABS, EBD, ESP, Rear Parking Sensors, Hill Hold Control","Power Windows, Central Locking, Climate Control, Power Steering, Touchscreen Infotainment",163,333,33663,3,6,65.9,45.5,9.8,7.6,7.7,3.6,6,10.0
704,MG,Comet EV,EX,hatchback,2021,1282283,Electric,389.5,Automatic,5,0,84,124,4,"6 Airbags, ABS, EBD, ESP, Rear Parking Sensors, Hill Hold Control","Power Windows, Central Locking, Climate Control, Power Steering, Touchscreen Infotainment",169,272,26548,4,8,60.7,47.9,10.0,7.4,10.0,4.2,8,10.0
705,Renault,Triber,Top,mpv,2024,3008313,Petrol,12.1,CVT,7,2500,167,228,5,"6 Airbags, ABS, EBD, ESP, 360 Camera, ADAS, Hill Hold Control, TPMS, Electronic Stability Control","Dual Zone Climate Control, 10-inch Touchscreen, Wireless Charging, Ventilated Seats, Panoramic Sunroof, Premium Sound System",177,241,113725,4,8,61.2,54.3,7.7,9.2,4.0,8.3,10,12.0
706,Kia,Carens,VX,mpv,2022,3439899,Petrol,14.0,Automatic,8,2000,194,284,4,"6 Airbags, ABS, EBD, ESP, 360 Camera, ADAS, Hill Hold Control, TPMS, Electronic Stability Control","Dual Zone Climate Control, 10-inch Touchscreen, Wireless Charging, Ventilated Seats, Panoramic Sunroof, Premium Sound System",185,286,119219,4,7,66.8,52.6,6.6,9.0,4.7,9.7,8,12.0
707,Honda,Jazz,EX,hatchback,2021,508201,CNG,21.6,Manual,5,800,79,103,4,"Dual Airbags, ABS, EBD","Power Windows, Central Locking",180,309,10903,3,10,68.2,53.2,9.7,7.6,7.2,4.0,8,4.0
708,Toyota,Glanza,Base,hatchback,2023,947133,Petrol,17.8,AMT,5,1200,71,99,4,"6 Airbags, ABS, EBD, ESP, Rear Parking Sensors, Hill Hold Control","Power Windows, Central Locking, Climate Control, Power Steering, Touchscreen Infotainment",172,400,30686,5,6,62.5,52.8,10.0,6.4,5.9,3.5,8,10.0
709,MG,Hector Plus,EX,mpv,2025,2920435,Petrol,12.1,Manual,7,2000,126,187,3,"6 Airbags, ABS, EBD, ESP, 360 Camera, ADAS, Hill Hold Control, TPMS, Electronic Stability Control","Dual Zone Climate Control, 10-inch Touchscreen, Wireless Charging, Ventilated Seats, Panoramic Sunroof, Premium Sound System",171,244,99736,3,6,57.9,40.9,6.4,8.3,4.0,6.3,6,12.0
710,Maruti Suzuki,Brezza,Base,suv,2023,2753099,Petrol,13.1,Manual,7,2200,120,151,4,"6 Airbags, ABS, EBD, ESP, 360 Camera, ADAS, Hill Hold Control, TPMS, Electronic Stability Control","Dual Zone Climate Control, 10-inch Touchscreen, Wireless Charging, Ventilated Seats, Panoramic Sunroof, Premium Sound System",202,206,84383,4,9,65.6,50.0,6.4,8.4,4.4,6.0,8,12.0
711,Toyota,Innova Hycross,ZX,mpv,2024,3020313,Hybrid,22.6,Manual,8,1600,148,184,4,"6 Airbags, ABS, EBD, ESP, 360 Camera, ADAS, Hill Hold Control, TPMS, Electronic Stability Control","Dual Zone Climate Control, 10-inch Touchscreen, Wireless Charging, Ventilated Seats, Panoramic Sunroof, Premium Sound System",166,283,69010,3,10,66.1,45.7,7.3,8.5,7.5,7.4,8,12.0
712,Maruti Suzuki,Ciaz,Mid,sedan,2024,1792560,Petrol,14.1,Manual,5,1200,108,155,5,"6 Airbags, ABS, EBD, ESP, Rear Parking Sensors, Hill Hold Control","Power Windows, Central Locking, Climate Control, Power Steering, Touchscreen Infotainment",175,446,42037,5,9,58.2,46.2,7.3,7.2,4.7,5.4,10,10.0
713,Kia,Sonet,VX,suv,2023,2516685,Petrol,14.8,Manual,5,1600,173,252,4,"6 Airbags, ABS, EBD, ESP, 360 Camera, ADAS, Hill Hold Control, TPMS, Electronic Stability Control","Dual Zone Climate Control, 10-inch Touchscreen, Wireless Charging, Ventilated Seats, Panoramic Sunroof, Premium Sound System",200,342,97632,4,5,62.3,49.7,7.5,9.8,4.9,8.7,8,12.0
714,Kia,Seltos,Base,suv,2021,4878511,Petrol,15.0,Manual,7,1600,157,216,5,"6 Airbags, ABS, EBD, ESP, 360 Camera, ADAS, Hill Hold Control, TPMS, Electronic Stability Control","Dual Zone Climate Control, 10-inch Touchscreen, Wireless Charging, Ventilated Seats, Panoramic Sunroof, Premium Sound System",217,312,97832,5,8,56.0,40.8,6.5,9.8,5.0,7.9,10,12.0
715,MG,Hector Plus,LX,mpv,2021,2388122,Petrol,22.7,Automatic,7,2500,166,211,3,"6 Airbags, ABS, EBD, ESP, 360 Camera, ADAS, Hill Hold Control, TPMS, Electronic Stability Control","Dual Zone Climate Control, 10-inch Touchscreen, Wireless Charging, Ventilated Seats, Panoramic Sunroof, Premium Sound System",190,372,83715,3,7,61.0,51.9,7.7,9.1,7.6,8.3,6,12.0
716,Tata,Tiago,VX,hatchback,2020,1065862,Petrol,17.9,Automatic,7,1200,96,127,4,"6 Airbags, ABS, EBD, ESP, 360 Camera, Hill Hold Control, TPMS","Automatic Climate Control, Touchscreen Infotainment, Wireless Charging, Cruise Control, Sunroof",165,310,34905,4,5,58.0,44.2,8.6,7.8,6.0,4.8,8,10.0
717,Hyundai,Venue,SX,suv,2025,1781898,CNG,31.4,Manual,5,2500,121,173,5,"6 Airbags, ABS, EBD, ESP, 360 Camera, Hill Hold Control, TPMS","Power Windows, Central Locking, Climate Control, Power Steering, Touchscreen Infotainment",185,277,42724,4,10,62.7,40.9,7.6,9.8,10.0,6.0,10,10.0
718,MG,Comet EV,SX,hatchback,2025,874882,Electric,318.6,Automatic,5,0,181,219,3,"Dual Airbags, ABS, EBD, Rear Parking Sensors","Power Windows, Central Locking, AC, Power Steering",166,290,19563,5,8,61.2,51.3,8.3,6.2,10.0,9.1,6,8.0
719,Hyundai,i10,EX,hatchback,2021,736856,Petrol,13.6,Manual,5,1200,62,82,5,"6 Airbags, ABS, EBD, ESP, Rear Parking Sensors, Hill Hold Control","Power Windows, Central Locking, AC, Power Steering",166,304,15282,5,8,60.7,43.1,8.0,6.4,4.5,3.1,10,8.0
720,Honda,Jazz,VX,hatchback,2021,508574,Petrol,13.1,AMT,7,1200,93,115,4,"Dual Airbags, ABS, EBD","Power Windows, Central Locking",160,397,16934,3,9,59.3,41.9,9.7,7.2,4.4,4.7,8,4.0
721,Toyota,Land Cruiser,Mid,suv,2021,816923,Diesel,24.8,Automatic,5,2500,144,178,4,"6 Airbags, ABS, EBD, ESP, Rear Parking Sensors, Hill Hold Control","Power Windows, Central Locking, AC, Power Steering",186,258,32168,3,7,57.9,54.0,7.1,9.1,8.3,7.2,8,8.0
722,Kia,Seltos,LX,suv,2020,1461588,Diesel,19.1,Manual,5,1600,161,238,4,"6 Airbags, ABS, EBD, ESP, 360 Camera, Hill Hold Control, TPMS","Power Windows, Central Locking, Climate Control, Power Steering, Touchscreen Infotainment",210,259,45529,4,6,64.0,40.9,7.4,9.9,6.4,8.1,8,10.0
723,Kia,Carens,EX,mpv,2025,2475340,Petrol,13.5,Manual,7,2000,133,197,3,"6 Airbags, ABS, EBD, ESP, 360 Camera, ADAS, Hill Hold Control, TPMS, Electronic Stability Control","Dual Zone Climate Control, 10-inch Touchscreen, Wireless Charging, Ventilated Seats, Panoramic Sunroof, Premium Sound System",186,361,81292,3,10,68.0,40.5,6.1,8.0,4.5,6.7,6,12.0
724,Toyota,Innova Hycross,SX,mpv,2021,2511519,Hybrid,23.7,Manual,7,2200,175,245,5,"6 Airbags, ABS, EBD, ESP, 360 Camera, ADAS, Hill Hold Control, TPMS, Electronic Stability Control","Dual Zone Climate Control, 10-inch Touchscreen, Wireless Charging, Ventilated Seats, Panoramic Sunroof, Premium Sound System",176,272,71586,3,7,62.2,41.6,7.7,8.5,7.9,8.8,10,12.0
725,Hyundai,Grand i10 Nios,Base,hatchback,2023,939159,Petrol,21.6,Manual,5,800,61,87,5,"6 Airbags, ABS, EBD, ESP, Rear Parking Sensors, Hill Hold Control","Power Windows, Central Locking, AC, Power Steering",163,365,26270,3,6,61.4,40.6,8.0,6.2,7.2,3.0,10,8.0
726,Toyota,Innova Crysta,Top,mpv,2022,1629869,Petrol,22.4,Automatic,8,2200,110,138,3,"6 Airbags, ABS, EBD, ESP, 360 Camera, Hill Hold Control, TPMS","Power Windows, Central Locking, Climate Control, Power Steering, Touchscreen Infotainment",172,213,47655,3,5,69.5,52.2,6.6,9.9,7.5,5.5,6,10.0
727,Honda,City,Top,sedan,2020,827517,Petrol,14.4,Manual,5,1200,102,138,4,"6 Airbags, ABS, EBD, ESP, Rear Parking Sensors, Hill Hold Control","Power Windows, Central Locking, Climate Control, Power Steering, Touchscreen Infotainment",178,509,26416,4,6,56.8,40.1,7.4,8.3,4.8,5.1,8,10.0
728,Mahindra,Marazzo,SX,mpv,2020,3158530,Diesel,26.7,Manual,7,2000,174,212,4,"6 Airbags, ABS, EBD, ESP, 360 Camera, ADAS, Hill Hold Control, TPMS, Electronic Stability Control","Dual Zone Climate Control, 10-inch Touchscreen, Wireless Charging, Ventilated Seats, Panoramic Sunroof, Premium Sound System",169,379,117102,3,5,69.7,46.0,6.9,8.6,8.9,8.7,8,12.0
729,Toyota,Glanza,Mid,hatchback,2021,1023570,Petrol,19.1,Manual,5,800,61,86,4,"6 Airbags, ABS, EBD, ESP, Rear Parking Sensors, Hill Hold Control","Power Windows, Central Locking, Climate Control, Power Steering, Touchscreen Infotainment",178,319,32225,4,10,70.0,41.0,9.6,6.1,6.4,3.0,8,10.0
730,Nissan,Magnite,SX,hatchback,2023,1145871,Diesel,25.4,Manual,5,1200,64,80,4,"6 Airbags, ABS, EBD, ESP, Rear Parking Sensors, Hill Hold Control","Automatic Climate Control, Touchscreen Infotainment, Wireless Charging, Cruise Control, Sunroof",172,392,40103,3,8,69.3,42.2,9.0,7.9,8.5,3.2,8,10.0
731,MG,Hector Plus,LX,mpv,2020,2367096,Petrol,14.1,Manual,8,1600,194,272,4,"6 Airbags, ABS, EBD, ESP, 360 Camera, ADAS, Hill Hold Control, TPMS, Electronic Stability Control","Dual Zone Climate Control, 10-inch Touchscreen, Wireless Charging, Ventilated Seats, Panoramic Sunroof, Premium Sound System",183,352,61028,5,9,61.7,40.2,7.4,9.8,4.7,9.7,8,12.0
732,Tata,Tiago,SX,hatchback,2021,1160169,Petrol,17.5,Manual,5,800,86,104,3,"6 Airbags, ABS, EBD, ESP, Rear Parking Sensors, Hill Hold Control","Automatic Climate Control, Touchscreen Infotainment, Wireless Charging, Cruise Control, Sunroof",163,389,45100,3,7,65.3,51.3,9.1,7.2,5.8,4.3,6,10.0
733,Tata,Tiago,SX,hatchback,2024,1119484,Diesel,27.1,Manual,5,1200,85,124,4,"6 Airbags, ABS, EBD, ESP, Rear Parking Sensors, Hill Hold Control","Power Windows, Central Locking, Climate Control, Power Steering, Touchscreen Infotainment",163,365,43588,4,9,66.1,43.5,10.0,7.9,9.0,4.2,8,10.0
734,Toyota,Innova Crysta,Alpha,mpv,2022,2549372,Petrol,21.7,Manual,7,2200,140,187,3,"6 Airbags, ABS, EBD, ESP, 360 Camera, ADAS, Hill Hold Control, TPMS, Electronic Stability Control","Dual Zone Climate Control, 10-inch Touchscreen, Wireless Charging, Ventilated Seats, Panoramic Sunroof, Premium Sound System",170,248,70375,3,9,61.0,51.5,7.3,9.9,7.2,7.0,6,12.0
735,Renault,Triber,Top,mpv,2020,3791851,Petrol,17.1,Manual,7,2200,174,258,4,"6 Airbags, ABS, EBD, ESP, 360 Camera, ADAS, Hill Hold Control, TPMS, Electronic Stability Control","Dual Zone Climate Control, 10-inch Touchscreen, Wireless Charging, Ventilated Seats, Panoramic Sunroof, Premium Sound System",180,370,124022,4,9,60.3,50.7,6.5,9.6,5.7,8.7,8,12.0
736,Hyundai,Tucson,Base,suv,2025,4789503,Petrol,15.0,Automatic,5,2500,128,166,4,"6 Airbags, ABS, EBD, ESP, 360 Camera, ADAS, Hill Hold Control, TPMS, Electronic Stability Control","Dual Zone Climate Control, 10-inch Touchscreen, Wireless Charging, Ventilated Seats, Panoramic Sunroof, Premium Sound System",186,399,184971,5,10,64.6,42.7,7.3,9.8,5.0,6.4,8,12.0
737,Kia,EV6,EX,suv,2021,5112739,Electric,409.4,Automatic,7,0,189,228,4,"6 Airbags, ABS, EBD, ESP, 360 Camera, ADAS, Hill Hold Control, TPMS, Electronic Stability Control","Dual Zone Climate Control, 10-inch Touchscreen, Wireless Charging, Ventilated Seats, Panoramic Sunroof, Premium Sound System",199,238,108876,3,9,60.1,45.8,6.3,9.9,10.0,9.4,8,12.0
738,Kia,Seltos,Base,suv,2023,2562292,Petrol,21.5,Automatic,5,2200,168,236,4,"6 Airbags, ABS, EBD, ESP, 360 Camera, ADAS, Hill Hold Control, TPMS, Electronic Stability Control","Dual Zone Climate Control, 10-inch Touchscreen, Wireless Charging, Ventilated Seats, Panoramic Sunroof, Premium Sound System",182,311,58290,4,8,57.3,54.8,7.1,9.2,7.2,8.4,8,12.0
739,Maruti Suzuki,Alto,VX,hatchback,2023,622118,Petrol,24.0,Manual,7,1000,98,136,3,"Dual Airbags, ABS, EBD, Rear Parking Sensors","Power Windows, Central Locking, Climate Control, Power Steering, Touchscreen Infotainment",163,309,15096,5,5,60.1,54.7,8.1,6.5,8.0,4.9,6,10.0
740,Renault,Kwid,ZX,hatchback,2022,745700,Petrol,20.4,DCT,5,1000,91,113,3,"Dual Airbags, ABS, EBD, Rear Parking Sensors","Power Windows, Central Locking, Climate Control, Power Steering, Touchscreen Infotainment",170,258,27934,5,7,55.4,48.5,8.8,6.1,6.8,4.5,6,10.0
741,MG,Comet EV,VX,hatchback,2020,1634929,Electric,418.9,Automatic,5,0,219,298,5,"6 Airbags, ABS, EBD, ESP, Rear Parking Sensors, Hill Hold Control","Automatic Climate Control, Touchscreen Infotainment, Wireless Charging, Cruise Control, Sunroof",174,391,37454,4,8,59.1,47.8,10.0,7.6,10.0,10.0,10,10.0
742,Kia,Carens,Alpha,mpv,2022,2489778,Petrol,20.0,Manual,8,2000,164,215,4,"6 Airbags, ABS, EBD, ESP, 360 Camera, ADAS, Hill Hold Control, TPMS, Electronic Stability Control","Dual Zone Climate Control, 10-inch Touchscreen, Wireless Charging, Ventilated Seats, Panoramic Sunroof, Premium Sound System",167,283,66740,4,10,55.7,41.9,6.3,9.2,6.7,8.2,8,12.0
743,Tata,Altroz,ZX,hatchback,2024,580643,Petrol,23.1,Automatic,5,800,90,110,4,"Dual Airbags, ABS, EBD","Power Windows, Central Locking",161,308,21280,5,8,58.1,44.7,8.8,7.4,7.7,4.5,8,4.0
744,Tata,Altroz,ZX,hatchback,2022,1181819,Petrol,12.7,Automatic,5,800,98,136,4,"6 Airbags, ABS, EBD, ESP, Rear Parking Sensors, Hill Hold Control","Automatic Climate Control, Touchscreen Infotainment, Wireless Charging, Cruise Control, Sunroof",176,398,29550,3,8,70.0,50.2,8.5,7.8,4.2,4.9,8,10.0
745,Renault,Triber,SX,mpv,2020,3153472,Petrol,15.9,Manual,8,1500,139,179,5,"6 Airbags, ABS, EBD, ESP, 360 Camera, ADAS, Hill Hold Control, TPMS, Electronic Stability Control","Dual Zone Climate Control, 10-inch Touchscreen, Wireless Charging, Ventilated Seats, Panoramic Sunroof, Premium Sound System",180,393,91015,5,9,61.8,54.3,7.5,9.9,5.3,6.9,10,12.0
746,Mahindra,Scorpio,EX,suv,2020,2807791,Diesel,25.4,Manual,7,2000,106,130,4,"6 Airbags, ABS, EBD, ESP, 360 Camera, ADAS, Hill Hold Control, TPMS, Electronic Stability Control","Dual Zone Climate Control, 10-inch Touchscreen, Wireless Charging, Ventilated Seats, Panoramic Sunroof, Premium Sound System",218,355,75643,3,10,69.0,46.4,7.7,8.2,8.5,5.3,8,12.0
747,Tata,Nexon,SX,suv,2022,2192275,Diesel,19.7,Automatic,5,1500,149,180,3,"6 Airbags, ABS, EBD, ESP, 360 Camera, ADAS, Hill Hold Control, TPMS, Electronic Stability Control","Dual Zone Climate Control, 10-inch Touchscreen, Wireless Charging, Ventilated Seats, Panoramic Sunroof, Premium Sound System",197,381,86967,3,9,67.2,43.8,7.6,9.3,6.6,7.5,6,12.0
748,Maruti Suzuki,Ignis,Base,hatchback,2023,815320,Petrol,19.1,AMT,5,1200,68,85,3,"6 Airbags, ABS, EBD, ESP, Rear Parking Sensors, Hill Hold Control","Power Windows, Central Locking, Climate Control, Power Steering, Touchscreen Infotainment",160,319,23580,5,7,67.8,49.6,8.8,6.3,6.4,3.4,6,10.0
749,Hyundai,Aura,LX,sedan,2021,1764347,Petrol,14.7,Manual,5,1200,107,139,4,"6 Airbags, ABS, EBD, ESP, 360 Camera, Hill Hold Control, TPMS","Power Windows, Central Locking, Climate Control, Power Steering, Touchscreen Infotainment",179,541,47649,5,7,69.8,54.2,7.3,7.3,4.9,5.4,8,10.0
750,Renault,Duster,ZX,suv,2020,3836458,Diesel,27.8,Automatic,5,2200,132,170,4,"6 Airbags, ABS, EBD, ESP, 360 Camera, ADAS, Hill Hold Control, TPMS, Electronic Stability Control","Dual Zone Climate Control, 10-inch Touchscreen, Wireless Charging, Ventilated Seats, Panoramic Sunroof, Premium Sound System",209,286,133490,3,5,57.1,42.9,7.9,10.0,9.3,6.6,8,12.0
751,Nissan,Magnite,SX,hatchback,2025,785634,Diesel,25.2,Manual,5,1000,70,84,5,"6 Airbags, ABS, EBD, ESP, Rear Parking Sensors, Hill Hold Control","Power Windows, Central Locking, AC, Power Steering",162,371,21269,3,9,55.9,52.7,9.2,6.8,8.4,3.5,10,8.0
752,Honda,Elevate,Base,suv,2025,4919816,CNG,23.9,Manual,5,2500,129,167,4,"6 Airbags, ABS, EBD, ESP, 360 Camera, ADAS, Hill Hold Control, TPMS, Electronic Stability Control","Dual Zone Climate Control, 10-inch Touchscreen, Wireless Charging, Ventilated Seats, Panoramic Sunroof, Premium Sound System",199,203,101915,5,10,56.6,41.0,7.7,8.9,8.0,6.5,8,12.0
753,Renault,Kiger,EX,suv,2024,4644257,Petrol,15.0,Manual,5,2200,106,153,4,"6 Airbags, ABS, EBD, ESP, 360 Camera, ADAS, Hill Hold Control, TPMS, Electronic Stability Control","Dual Zone Climate Control, 10-inch Touchscreen, Wireless Charging, Ventilated Seats, Panoramic Sunroof, Premium Sound System",214,292,156830,4,9,58.3,50.6,7.1,8.0,5.0,5.3,8,12.0
754,Nissan,Magnite,Alpha,hatchback,2021,901617,Petrol,18.0,Manual,7,1200,96,131,5,"Dual Airbags, ABS, EBD, Rear Parking Sensors","Power Windows, Central Locking, AC, Power Steering",169,330,26710,5,8,56.6,52.6,9.4,6.5,6.0,4.8,10,8.0
755,Honda,City,Top,sedan,2024,1223661,CNG,27.1,CVT,5,1200,116,166,3,"6 Airbags, ABS, EBD, ESP, Rear Parking Sensors, Hill Hold Control","Automatic Climate Control, Touchscreen Infotainment, Wireless Charging, Cruise Control, Sunroof",165,500,46987,3,6,69.8,47.8,8.0,7.1,9.0,5.8,6,10.0
756,Tata,Tigor,Base,sedan,2025,968530,CNG,22.2,Manual,5,1200,84,118,4,"6 Airbags, ABS, EBD, ESP, Rear Parking Sensors, Hill Hold Control","Power Windows, Central Locking, Climate Control, Power Steering, Touchscreen Infotainment",168,411,36998,5,9,65.1,48.4,8.6,8.0,7.4,4.2,8,10.0
757,Maruti Suzuki,Baleno,LX,hatchback,2025,773069,Petrol,21.6,Manual,5,1200,78,115,4,"Dual Airbags, ABS, EBD, Rear Parking Sensors","Power Windows, Central Locking, AC, Power Steering",175,320,21972,5,6,57.9,44.6,9.7,7.2,7.2,3.9,8,8.0
758,Hyundai,i10,LX,hatchback,2020,967169,Petrol,23.9,Manual,5,800,83,119,4,"6 Airbags, ABS, EBD, ESP, Rear Parking Sensors, Hill Hold Control","Power Windows, Central Locking, Climate Control, Power Steering, Touchscreen Infotainment",174,269,25753,5,8,61.5,53.5,8.8,6.5,8.0,4.1,8,10.0
759,Hyundai,Grand i10 Nios,EX,hatchback,2024,618352,Diesel,26.4,Manual,5,800,88,119,3,"6 Airbags, ABS, EBD, ESP, Rear Parking Sensors, Hill Hold Control","Power Windows, Central Locking, Climate Control, Power Steering, Touchscreen Infotainment",161,383,19974,4,6,61.4,48.2,8.6,6.3,8.8,4.4,6,10.0
760,Renault,Triber,EX,mpv,2025,2227252,Petrol,21.4,Automatic,8,2500,166,243,4,"6 Airbags, ABS, EBD, ESP, 360 Camera, ADAS, Hill Hold Control, TPMS, Electronic Stability Control","Dual Zone Climate Control, 10-inch Touchscreen, Wireless Charging, Ventilated Seats, Panoramic Sunroof, Premium Sound System",180,335,88867,5,8,66.7,41.1,6.1,9.6,7.1,8.3,8,12.0
761,Toyota,Innova Crysta,SX,mpv,2024,2151589,CNG,28.3,Manual,7,1500,116,154,5,"6 Airbags, ABS, EBD, ESP, 360 Camera, ADAS, Hill Hold Control, TPMS, Electronic Stability Control","Dual Zone Climate Control, 10-inch Touchscreen, Wireless Charging, Ventilated Seats, Panoramic Sunroof, Premium Sound System",176,316,79577,5,9,63.4,53.1,6.8,8.6,9.4,5.8,10,12.0
762,Hyundai,Grand i10 Nios,ZX,hatchback,2020,1012377,CNG,29.4,DCT,5,800,89,119,4,"6 Airbags, ABS, EBD, ESP, Rear Parking Sensors, Hill Hold Control","Power Windows, Central Locking, Climate Control, Power Steering, Touchscreen Infotainment",175,325,28044,3,5,63.1,52.0,9.3,6.3,9.8,4.5,8,10.0
763,Honda,Amaze,Top,sedan,2020,2176482,Petrol,17.7,Automatic,5,1500,83,119,5,"6 Airbags, ABS, EBD, ESP, 360 Camera, ADAS, Hill Hold Control, TPMS, Electronic Stability Control","Dual Zone Climate Control, 10-inch Touchscreen, Wireless Charging, Ventilated Seats, Panoramic Sunroof, Premium Sound System",173,493,55125,3,9,60.2,44.4,8.0,8.7,5.9,4.1,10,12.0
764,Toyota,Innova Crysta,Base,mpv,2022,2340017,CNG,21.5,Manual,8,2500,102,151,3,"6 Airbags, ABS, EBD, ESP, 360 Camera, ADAS, Hill Hold Control, TPMS, Electronic Stability Control","Dual Zone Climate Control, 10-inch Touchscreen, Wireless Charging, Ventilated Seats, Panoramic Sunroof, Premium Sound System",185,302,57075,5,8,59.1,40.8,6.3,9.7,7.2,5.1,6,12.0
765,Tata,Tigor,VX,sedan,2020,2029051,Petrol,13.1,Automatic,5,1200,90,126,5,"6 Airbags, ABS, EBD, ESP, 360 Camera, ADAS, Hill Hold Control, TPMS, Electronic Stability Control","Dual Zone Climate Control, 10-inch Touchscreen, Wireless Charging, Ventilated Seats, Panoramic Sunroof, Premium Sound System",172,423,46110,4,8,69.1,48.1,8.9,8.5,4.4,4.5,10,12.0
766,Maruti Suzuki,Ertiga,Base,mpv,2020,1047471,Petrol,23.3,Manual,7,2500,147,219,4,"6 Airbags, ABS, EBD, ESP, 360 Camera, Hill Hold Control, TPMS","Power Windows, Central Locking, Climate Control, Power Steering, Touchscreen Infotainment",186,222,27548,4,10,68.2,51.2,6.5,9.6,7.8,7.3,8,10.0
767,MG,Comet EV,LX,hatchback,2022,1362645,Electric,308.8,Automatic,5,0,190,261,4,"6 Airbags, ABS, EBD, ESP, Rear Parking Sensors, Hill Hold Control","Automatic Climate Control, Touchscreen Infotainment, Wireless Charging, Cruise Control, Sunroof",168,272,51160,5,9,65.7,50.5,8.5,7.3,10.0,9.5,8,10.0
768,Kia,Seltos,VX,suv,2021,1726749,Petrol,13.4,Automatic,7,1600,160,201,4,"6 Airbags, ABS, EBD, ESP, Rear Parking Sensors, Hill Hold Control","Power Windows, Central Locking, Climate Control, Power Steering, Touchscreen Infotainment",184,209,43438,3,7,66.6,50.0,6.8,9.4,4.5,8.0,8,10.0
769,Honda,City,SX,sedan,2024,1328902,Petrol,21.2,Manual,5,1200,106,144,4,"6 Airbags, ABS, EBD, ESP, 360 Camera, Hill Hold Control, TPMS","Automatic Climate Control, Touchscreen Infotainment, Wireless Charging, Cruise Control, Sunroof",166,509,38479,5,6,69.8,54.9,8.8,8.9,7.1,5.3,8,10.0
770,Renault,Kiger,ZX,suv,2022,4158822,Diesel,20.6,CVT,7,2500,106,137,3,"6 Airbags, ABS, EBD, ESP, 360 Camera, ADAS, Hill Hold Control, TPMS, Electronic Stability Control","Dual Zone Climate Control, 10-inch Touchscreen, Wireless Charging, Ventilated Seats, Panoramic Sunroof, Premium Sound System",208,270,141789,4,8,64.3,45.3,6.7,8.8,6.9,5.3,6,12.0
771,Maruti Suzuki,Ignis,ZX,hatchback,2024,1192556,Diesel,17.3,Automatic,5,1200,98,120,4,"6 Airbags, ABS, EBD, ESP, Rear Parking Sensors, Hill Hold Control","Power Windows, Central Locking, Climate Control, Power Steering, Touchscreen Infotainment",174,379,46304,3,10,55.3,44.9,8.6,7.9,5.8,4.9,8,10.0
772,Tata,Tigor,EX,sedan,2022,1362912,Petrol,16.5,Manual,5,1500,85,119,5,"6 Airbags, ABS, EBD, ESP, Rear Parking Sensors, Hill Hold Control","Power Windows, Central Locking, Climate Control, Power Steering, Touchscreen Infotainment",170,512,51821,5,5,55.2,52.9,8.5,8.4,5.5,4.2,10,10.0
773,Maruti Suzuki,Baleno,Mid,hatchback,2020,680783,Petrol,22.4,Automatic,5,1000,88,122,4,"Dual Airbags, ABS, EBD, Rear Parking Sensors","Power Windows, Central Locking, Climate Control, Power Steering, Touchscreen Infotainment",169,261,26630,4,8,65.6,52.7,8.9,7.1,7.5,4.4,8,10.0
774,Toyota,Urban Cruiser,LX,suv,2021,4393353,CNG,20.1,Automatic,5,1600,138,197,3,"6 Airbags, ABS, EBD, ESP, 360 Camera, ADAS, Hill Hold Control, TPMS, Electronic Stability Control","Dual Zone Climate Control, 10-inch Touchscreen, Wireless Charging, Ventilated Seats, Panoramic Sunroof, Premium Sound System",217,230,88131,4,5,68.2,46.4,7.0,9.4,6.7,6.9,6,12.0
775,Honda,Jazz,Alpha,hatchback,2021,672773,Petrol,19.4,DCT,5,1200,99,145,5,"6 Airbags, ABS, EBD, ESP, Rear Parking Sensors, Hill Hold Control","Power Windows, Central Locking, Climate Control, Power Steering, Touchscreen Infotainment",167,345,22686,4,5,60.4,41.1,8.1,7.9,6.5,5.0,10,10.0
776,Nissan,Magnite,EX,hatchback,2021,1217616,Petrol,23.3,Manual,5,1200,84,118,4,"6 Airbags, ABS, EBD, ESP, Rear Parking Sensors, Hill Hold Control","Power Windows, Central Locking, Climate Control, Power Steering, Touchscreen Infotainment",175,378,30855,5,10,68.3,43.3,8.4,7.7,7.8,4.2,8,10.0
777,Honda,Elevate,Base,suv,2022,2018483,Petrol,16.5,Manual,5,1500,127,158,4,"6 Airbags, ABS, EBD, ESP, 360 Camera, ADAS, Hill Hold Control, TPMS, Electronic Stability Control","Dual Zone Climate Control, 10-inch Touchscreen, Wireless Charging, Ventilated Seats, Panoramic Sunroof, Premium Sound System",180,218,60281,4,7,57.0,45.9,6.6,8.9,5.5,6.3,8,12.0
778,Honda,Amaze,Top,sedan,2025,1187448,Petrol,18.9,CVT,5,1200,99,128,3,"6 Airbags, ABS, EBD, ESP, Rear Parking Sensors, Hill Hold Control","Power Windows, Central Locking, Climate Control, Power Steering, Touchscreen Infotainment",183,410,39023,4,5,60.3,40.1,8.5,8.1,6.3,5.0,6,10.0
779,Kia,Seltos,Base,suv,2024,4425144,CNG,24.6,Manual,5,2500,100,128,4,"6 Airbags, ABS, EBD, ESP, 360 Camera, ADAS, Hill Hold Control, TPMS, Electronic Stability Control","Dual Zone Climate Control, 10-inch Touchscreen, Wireless Charging, Ventilated Seats, Panoramic Sunroof, Premium Sound System",209,285,155255,5,9,61.8,52.9,7.7,8.2,8.2,5.0,8,12.0
780,Honda,City,Base,sedan,2025,1478875,Petrol,22.1,Manual,5,1200,89,119,4,"6 Airbags, ABS, EBD, ESP, Rear Parking Sensors, Hill Hold Control","Power Windows, Central Locking, Climate Control, Power Steering, Touchscreen Infotainment",173,518,58661,3,9,56.9,53.6,7.2,8.6,7.4,4.5,8,10.0
781,Tata,Tigor,Top,sedan,2020,1238694,Petrol,20.4,Automatic,5,1600,118,167,3,"6 Airbags, ABS, EBD, ESP, 360 Camera, Hill Hold Control, TPMS","Power Windows, Central Locking, Climate Control, Power Steering, Touchscreen Infotainment",181,546,47314,5,10,60.5,41.4,7.2,7.2,6.8,5.9,6,10.0
782,Renault,Duster,Alpha,suv,2021,6196791,Petrol,22.6,CVT,7,1500,148,202,3,"6 Airbags, ABS, EBD, ESP, 360 Camera, ADAS, Hill Hold Control, TPMS, Electronic Stability Control","Dual Zone Climate Control, 10-inch Touchscreen, Wireless Charging, Ventilated Seats, Panoramic Sunroof, Premium Sound System",183,392,246931,4,8,63.0,52.1,7.2,8.4,7.5,7.4,6,12.0
783,Renault,Triber,Alpha,mpv,2021,3962480,Diesel,26.8,DCT,8,2000,106,148,5,"6 Airbags, ABS, EBD, ESP, 360 Camera, ADAS, Hill Hold Control, TPMS, Electronic Stability Control","Dual Zone Climate Control, 10-inch Touchscreen, Wireless Charging, Ventilated Seats, Panoramic Sunroof, Premium Sound System",169,243,136498,4,5,55.8,48.3,7.2,9.1,8.9,5.3,10,12.0
784,Tata,Altroz,Mid,hatchback,2020,796147,Petrol,17.8,Manual,5,1200,93,132,3,"6 Airbags, ABS, EBD, ESP, Rear Parking Sensors, Hill Hold Control","Power Windows, Central Locking, AC, Power Steering",160,282,27637,5,6,55.5,43.1,8.1,7.9,5.9,4.7,6,8.0
785,Tata,Tigor,Top,sedan,2022,1126763,Petrol,18.0,Automatic,5,1200,103,145,3,"6 Airbags, ABS, EBD, ESP, Rear Parking Sensors, Hill Hold Control","Power Windows, Central Locking, Climate Control, Power Steering, Touchscreen Infotainment",178,485,42509,4,8,58.0,50.2,8.6,7.7,6.0,5.2,6,10.0
786,MG,Hector Plus,ZX,mpv,2025,2262716,Petrol,19.0,Automatic,7,1500,183,228,4,"6 Airbags, ABS, EBD, ESP, 360 Camera, ADAS, Hill Hold Control, TPMS, Electronic Stability Control","Dual Zone Climate Control, 10-inch Touchscreen, Wireless Charging, Ventilated Seats, Panoramic Sunroof, Premium Sound System",178,374,85234,5,5,62.0,45.7,7.2,9.7,6.3,9.2,8,12.0
787,Tata,Tigor,Base,sedan,2020,1735004,Petrol,22.1,Manual,5,1200,119,156,3,"6 Airbags, ABS, EBD, ESP, Rear Parking Sensors, Hill Hold Control","Power Windows, Central Locking, Climate Control, Power Steering, Touchscreen Infotainment",168,507,51593,5,7,61.1,53.3,8.9,7.8,7.4,5.9,6,10.0
788,Kia,Carens,EX,mpv,2023,1802011,Petrol,16.7,Automatic,7,2500,150,196,3,"6 Airbags, ABS, EBD, ESP, 360 Camera, Hill Hold Control, TPMS","Automatic Climate Control, Touchscreen Infotainment, Wireless Charging, Cruise Control, Sunroof",174,367,37344,4,6,65.3,49.1,6.4,8.4,5.6,7.5,6,10.0
789,Kia,Sonet,VX,suv,2025,2143345,Petrol,17.4,AMT,5,1600,155,227,3,"6 Airbags, ABS, EBD, ESP, 360 Camera, ADAS, Hill Hold Control, TPMS, Electronic Stability Control","Dual Zone Climate Control, 10-inch Touchscreen, Wireless Charging, Ventilated Seats, Panoramic Sunroof, Premium Sound System",198,237,53829,4,6,68.8,51.1,7.9,9.1,5.8,7.8,6,12.0
790,Toyota,Fortuner,Mid,suv,2020,5560846,CNG,26.4,Automatic,7,1500,194,269,4,"6 Airbags, ABS, EBD, ESP, 360 Camera, ADAS, Hill Hold Control, TPMS, Electronic Stability Control","Dual Zone Climate Control, 10-inch Touchscreen, Wireless Charging, Ventilated Seats, Panoramic Sunroof, Premium Sound System",220,261,191777,5,10,64.0,50.2,6.5,8.4,8.8,9.7,8,12.0
791,Tata,Safari,Top,suv,2025,4886800,Diesel,24.0,CVT,7,1600,131,167,4,"6 Airbags, ABS, EBD, ESP, 360 Camera, ADAS, Hill Hold Control, TPMS, Electronic Stability Control","Dual Zone Climate Control, 10-inch Touchscreen, Wireless Charging, Ventilated Seats, Panoramic Sunroof, Premium Sound System",182,376,121279,3,7,67.7,47.9,6.8,8.7,8.0,6.6,8,12.0
792,Honda,Elevate,EX,suv,2022,3691086,Diesel,22.8,Manual,7,2200,151,207,5,"6 Airbags, ABS, EBD, ESP, 360 Camera, ADAS, Hill Hold Control, TPMS, Electronic Stability Control","Dual Zone Climate Control, 10-inch Touchscreen, Wireless Charging, Ventilated Seats, Panoramic Sunroof, Premium Sound System",197,384,130818,5,6,60.4,43.6,6.7,8.9,7.6,7.5,10,12.0
793,Kia,Carens,EX,mpv,2021,1414598,Petrol,15.4,Manual,7,2000,147,177,4,"6 Airbags, ABS, EBD, ESP, Rear Parking Sensors, Hill Hold Control","Automatic Climate Control, Touchscreen Infotainment, Wireless Charging, Cruise Control, Sunroof",184,278,42665,4,8,63.9,44.8,7.9,9.2,5.1,7.3,8,10.0
794,Kia,EV6,Top,suv,2020,4930952,Electric,322.6,Automatic,5,0,196,286,4,"6 Airbags, ABS, EBD, ESP, 360 Camera, ADAS, Hill Hold Control, TPMS, Electronic Stability Control","Dual Zone Climate Control, 10-inch Touchscreen, Wireless Charging, Ventilated Seats, Panoramic Sunroof, Premium Sound System",195,294,175238,5,7,57.7,41.8,7.6,8.1,10.0,9.8,8,12.0
795,Honda,Amaze,Top,sedan,2025,1643513,CNG,23.6,DCT,5,1200,83,110,4,"6 Airbags, ABS, EBD, ESP, 360 Camera, Hill Hold Control, TPMS","Power Windows, Central Locking, Climate Control, Power Steering, Touchscreen Infotainment",168,404,33855,5,10,56.8,54.1,8.6,8.8,7.9,4.1,8,10.0
796,Tata,Tiago,ZX,hatchback,2022,1279248,Petrol,17.4,DCT,5,800,73,95,5,"6 Airbags, ABS, EBD, ESP, 360 Camera, Hill Hold Control, TPMS","Power Windows, Central Locking, Climate Control, Power Steering, Touchscreen Infotainment",173,379,45989,4,10,64.8,50.2,8.1,7.0,5.8,3.6,10,10.0
797,Tata,Altroz,ZX,hatchback,2020,1126204,CNG,22.7,Manual,5,800,96,127,4,"6 Airbags, ABS, EBD, ESP, 360 Camera, Hill Hold Control, TPMS","Power Windows, Central Locking, Climate Control, Power Steering, Touchscreen Infotainment",166,369,22600,4,10,67.4,53.9,9.3,6.7,7.6,4.8,8,10.0
798,Renault,Kwid,ZX,hatchback,2023,582199,Petrol,18.2,Automatic,5,800,90,131,3,"Dual Airbags, ABS, EBD","Power Windows, Central Locking",164,266,15244,4,10,67.7,42.9,8.9,7.2,6.1,4.5,6,4.0
799,Mahindra,Marazzo,SX,mpv,2024,1957148,CNG,22.4,Automatic,8,2000,144,203,4,"6 Airbags, ABS, EBD, ESP, 360 Camera, Hill Hold Control, TPMS","Power Windows, Central Locking, Climate Control, Power Steering, Touchscreen Infotainment",188,206,62665,3,10,64.5,47.3,6.5,8.3,7.5,7.2,8,10.0
800,Toyota,Fortuner,LX,suv,2025,4854943,Petrol,20.3,Automatic,5,1600,166,229,3,"6 Airbags, ABS, EBD, ESP, 360 Camera, ADAS, Hill Hold Control, TPMS, Electronic Stability Control","Dual Zone Climate Control, 10-inch Touchscreen, Wireless Charging, Ventilated Seats, Panoramic Sunroof, Premium Sound System",198,293,179910,5,6,66.7,43.4,6.5,8.9,6.8,8.3,6,12.0
801,Renault,Kiger,SX,suv,2020,2726808,Diesel,16.5,Automatic,7,2200,200,297,5,"6 Airbags, ABS, EBD, ESP, 360 Camera, ADAS, Hill Hold Control, TPMS, Electronic Stability Control","Dual Zone Climate Control, 10-inch Touchscreen, Wireless Charging, Ventilated Seats, Panoramic Sunroof, Premium Sound System",190,251,75321,3,8,56.9,45.9,6.7,9.7,5.5,10.0,10,12.0
802,Kia,Carens,EX,suv,2020,2248887,Petrol,21.0,Manual,5,1600,188,281,3,"6 Airbags, ABS, EBD, ESP, 360 Camera, ADAS, Hill Hold Control, TPMS, Electronic Stability Control","Dual Zone Climate Control, 10-inch Touchscreen, Wireless Charging, Ventilated Seats, Panoramic Sunroof, Premium Sound System",190,382,67842,5,9,59.4,55.0,6.7,10.0,7.0,9.4,6,12.0
803,Tata,Tigor,EX,sedan,2023,1634823,Petrol,14.2,Manual,5,1500,83,122,4,"6 Airbags, ABS, EBD, ESP, 360 Camera, Hill Hold Control, TPMS","Power Windows, Central Locking, Climate Control, Power Steering, Touchscreen Infotainment",167,429,50077,4,10,66.9,44.1,8.7,7.0,4.7,4.1,8,10.0
804,Renault,Kiger,Alpha,suv,2023,3433602,Petrol,19.9,CVT,7,2200,184,223,5,"6 Airbags, ABS, EBD, ESP, 360 Camera, ADAS, Hill Hold Control, TPMS, Electronic Stability Control","Dual Zone Climate Control, 10-inch Touchscreen, Wireless Charging, Ventilated Seats, Panoramic Sunroof, Premium Sound System",205,258,107877,5,10,60.5,40.9,7.5,9.6,6.6,9.2,10,12.0
805,Maruti Suzuki,Ertiga,VX,suv,2020,1517390,Petrol,23.2,Manual,5,2200,192,245,3,"6 Airbags, ABS, EBD, ESP, 360 Camera, Hill Hold Control, TPMS","Automatic Climate Control, Touchscreen Infotainment, Wireless Charging, Cruise Control, Sunroof",207,269,30860,5,9,65.8,48.9,6.4,8.6,7.7,9.6,6,10.0
806,Renault,Triber,Top,mpv,2021,1787484,Petrol,21.6,DCT,7,1600,155,231,4,"6 Airbags, ABS, EBD, ESP, Rear Parking Sensors, Hill Hold Control","Automatic Climate Control, Touchscreen Infotainment, Wireless Charging, Cruise Control, Sunroof",168,234,61809,3,7,56.1,43.0,6.5,9.4,7.2,7.8,8,10.0
807,MG,Hector Plus,Base,mpv,2023,1704373,Petrol,18.3,Manual,7,2200,162,237,4,"6 Airbags, ABS, EBD, ESP, Rear Parking Sensors, Hill Hold Control","Power Windows, Central Locking, Climate Control, Power Steering, Touchscreen Infotainment",179,366,47361,3,7,65.4,54.5,7.1,9.0,6.1,8.1,8,10.0
808,Renault,Triber,LX,mpv,2025,2304570,CNG,31.3,Manual,7,2500,111,154,4,"6 Airbags, ABS, EBD, ESP, 360 Camera, ADAS, Hill Hold Control, TPMS, Electronic Stability Control","Dual Zone Climate Control, 10-inch Touchscreen, Wireless Charging, Ventilated Seats, Panoramic Sunroof, Premium Sound System",174,248,47514,5,10,66.8,49.6,6.4,8.2,10.0,5.6,8,12.0
809,Maruti Suzuki,Dzire,Mid,sedan,2021,1531946,Petrol,12.3,AMT,5,1500,97,145,4,"6 Airbags, ABS, EBD, ESP, 360 Camera, Hill Hold Control, TPMS","Automatic Climate Control, Touchscreen Infotainment, Wireless Charging, Cruise Control, Sunroof",180,401,52422,3,8,69.5,47.0,7.6,8.1,4.1,4.8,8,10.0
810,Kia,Carens,VX,mpv,2020,2517811,Petrol,19.1,AMT,7,1600,149,218,4,"6 Airbags, ABS, EBD, ESP, 360 Camera, ADAS, Hill Hold Control, TPMS, Electronic Stability Control","Dual Zone Climate Control, 10-inch Touchscreen, Wireless Charging, Ventilated Seats, Panoramic Sunroof, Premium Sound System",166,265,93556,3,8,58.7,44.7,6.4,8.4,6.4,7.5,8,12.0
811,MG,Hector Plus,Mid,mpv,2020,2753666,Diesel,17.6,Manual,7,1600,106,149,4,"6 Airbags, ABS, EBD, ESP, 360 Camera, ADAS, Hill Hold Control, TPMS, Electronic Stability Control","Dual Zone Climate Control, 10-inch Touchscreen, Wireless Charging, Ventilated Seats, Panoramic Sunroof, Premium Sound System",188,202,64945,4,6,62.9,46.9,7.3,8.9,5.9,5.3,8,12.0
812,Toyota,Hilux,EX,suv,2024,3475611,Petrol,19.9,Manual,5,2000,137,195,4,"6 Airbags, ABS, EBD, ESP, 360 Camera, ADAS, Hill Hold Control, TPMS, Electronic Stability Control","Dual Zone Climate Control, 10-inch Touchscreen, Wireless Charging, Ventilated Seats, Panoramic Sunroof, Premium Sound System",196,218,124545,4,5,60.9,53.9,7.2,9.5,6.6,6.9,8,12.0
813,Mahindra,Scorpio,SX,suv,2024,4966368,Petrol,15.2,Manual,5,2500,197,276,4,"6 Airbags, ABS, EBD, ESP, 360 Camera, ADAS, Hill Hold Control, TPMS, Electronic Stability Control","Dual Zone Climate Control, 10-inch Touchscreen, Wireless Charging, Ventilated Seats, Panoramic Sunroof, Premium Sound System",215,243,113839,3,7,62.5,41.9,7.4,9.4,5.1,9.8,8,12.0
814,Mahindra,XUV300,LX,suv,2025,2369461,Diesel,17.5,AMT,5,1500,161,208,5,"6 Airbags, ABS, EBD, ESP, 360 Camera, ADAS, Hill Hold Control, TPMS, Electronic Stability Control","Dual Zone Climate Control, 10-inch Touchscreen, Wireless Charging, Ventilated Seats, Panoramic Sunroof, Premium Sound System",213,289,56521,5,8,60.6,47.1,7.2,9.7,5.8,8.1,10,12.0
815,Tata,Tiago,Base,hatchback,2021,853862,Petrol,15.3,AMT,5,800,69,97,4,"Dual Airbags, ABS, EBD, Rear Parking Sensors","Power Windows, Central Locking, AC, Power Steering",164,341,18898,3,10,68.0,45.0,8.8,6.7,5.1,3.4,8,8.0
816,Mahindra,Thar,ZX,suv,2023,5601893,CNG,26.7,CVT,5,1500,133,187,4,"6 Airbags, ABS, EBD, ESP, 360 Camera, ADAS, Hill Hold Control, TPMS, Electronic Stability Control","Dual Zone Climate Control, 10-inch Touchscreen, Wireless Charging, Ventilated Seats, Panoramic Sunroof, Premium Sound System",192,266,189989,4,6,56.3,43.3,7.1,8.7,8.9,6.7,8,12.0
817,Mahindra,XUV700,LX,suv,2022,2022461,Diesel,17.9,Manual,5,1600,139,185,3,"6 Airbags, ABS, EBD, ESP, 360 Camera, ADAS, Hill Hold Control, TPMS, Electronic Stability Control","Dual Zone Climate Control, 10-inch Touchscreen, Wireless Charging, Ventilated Seats, Panoramic Sunroof, Premium Sound System",206,253,66984,3,6,64.9,50.7,6.8,9.5,6.0,6.9,6,12.0
818,Maruti Suzuki,Grand Vitara,VX,suv,2024,1742653,Petrol,12.6,AMT,7,2000,108,144,3,"6 Airbags, ABS, EBD, ESP, Rear Parking Sensors, Hill Hold Control","Automatic Climate Control, Touchscreen Infotainment, Wireless Charging, Cruise Control, Sunroof",193,281,36890,3,7,69.2,42.5,7.6,9.2,4.2,5.4,6,10.0
819,Kia,Seltos,SX,suv,2022,2445408,Diesel,24.8,Manual,5,1600,166,248,4,"6 Airbags, ABS, EBD, ESP, 360 Camera, ADAS, Hill Hold Control, TPMS, Electronic Stability Control","Dual Zone Climate Control, 10-inch Touchscreen, Wireless Charging, Ventilated Seats, Panoramic Sunroof, Premium Sound System",194,202,55573,3,8,63.6,41.6,6.4,8.0,8.3,8.3,8,12.0
820,Maruti Suzuki,Dzire,VX,sedan,2022,1029176,Petrol,17.3,AMT,5,1500,103,152,3,"6 Airbags, ABS, EBD, ESP, 360 Camera, Hill Hold Control, TPMS","Power Windows, Central Locking, Climate Control, Power Steering, Touchscreen Infotainment",189,522,33132,4,6,68.5,40.8,7.6,7.7,5.8,5.2,6,10.0
821,Maruti Suzuki,Swift,LX,hatchback,2024,737949,Petrol,18.7,Manual,5,800,61,77,5,"Dual Airbags, ABS, EBD, Rear Parking Sensors","Power Windows, Central Locking, AC, Power Steering",164,388,19127,3,10,67.0,53.8,8.0,6.9,6.2,3.0,10,8.0
822,Tata,Tigor,VX,sedan,2023,1825651,Petrol,16.5,AMT,5,1500,114,152,5,"6 Airbags, ABS, EBD, ESP, Rear Parking Sensors, Hill Hold Control","Automatic Climate Control, Touchscreen Infotainment, Wireless Charging, Cruise Control, Sunroof",185,526,48237,4,5,64.3,52.5,8.9,7.4,5.5,5.7,10,10.0
823,Honda,Jazz,ZX,hatchback,2025,1120746,Petrol,14.7,Manual,5,1200,69,89,5,"6 Airbags, ABS, EBD, ESP, Rear Parking Sensors, Hill Hold Control","Power Windows, Central Locking, Climate Control, Power Steering, Touchscreen Infotainment",164,331,35836,5,7,60.8,51.4,8.6,6.5,4.9,3.4,10,10.0
824,Mahindra,Marazzo,LX,mpv,2024,1232069,Petrol,21.2,Manual,7,1600,110,134,3,"6 Airbags, ABS, EBD, ESP, 360 Camera, Hill Hold Control, TPMS","Power Windows, Central Locking, Climate Control, Power Steering, Touchscreen Infotainment",172,378,33183,5,8,67.1,51.1,6.1,9.8,7.1,5.5,6,10.0
825,Maruti Suzuki,XL6,Base,mpv,2021,1433552,Petrol,23.2,Manual,8,2500,179,247,4,"6 Airbags, ABS, EBD, ESP, Rear Parking Sensors, Hill Hold Control","Automatic Climate Control, Touchscreen Infotainment, Wireless Charging, Cruise Control, Sunroof",188,395,31807,3,6,57.1,47.4,6.8,8.5,7.7,8.9,8,10.0
826,Mahindra,Marazzo,Top,mpv,2025,1855999,Petrol,22.3,Automatic,7,2200,122,160,4,"6 Airbags, ABS, EBD, ESP, 360 Camera, Hill Hold Control, TPMS","Automatic Climate Control, Touchscreen Infotainment, Wireless Charging, Cruise Control, Sunroof",171,249,64590,3,9,67.2,43.0,6.6,8.6,7.4,6.1,8,10.0
827,Maruti Suzuki,XL6,Alpha,suv,2025,1180660,CNG,23.3,Automatic,5,2000,178,250,5,"6 Airbags, ABS, EBD, ESP, 360 Camera, Hill Hold Control, TPMS","Power Windows, Central Locking, Climate Control, Power Steering, Touchscreen Infotainment",219,396,44273,3,8,62.5,49.4,7.8,8.8,7.8,8.9,10,10.0
828,Nissan,Magnite,LX,suv,2024,3712701,Petrol,18.0,Manual,5,2000,172,214,4,"6 Airbags, ABS, EBD, ESP, 360 Camera, ADAS, Hill Hold Control, TPMS, Electronic Stability Control","Dual Zone Climate Control, 10-inch Touchscreen, Wireless Charging, Ventilated Seats, Panoramic Sunroof, Premium Sound System",205,289,114554,3,6,55.4,45.5,7.5,8.3,6.0,8.6,8,12.0
829,Nissan,Magnite,Mid,suv,2025,2267804,Diesel,18.6,Manual,7,2000,196,274,4,"6 Airbags, ABS, EBD, ESP, 360 Camera, ADAS, Hill Hold Control, TPMS, Electronic Stability Control","Dual Zone Climate Control, 10-inch Touchscreen, Wireless Charging, Ventilated Seats, Panoramic Sunroof, Premium Sound System",194,311,56439,5,6,64.7,42.6,7.2,8.6,6.2,9.8,8,12.0
830,Tata,Altroz,EX,hatchback,2025,1174197,Petrol,20.0,Automatic,5,1000,66,83,5,"6 Airbags, ABS, EBD, ESP, Rear Parking Sensors, Hill Hold Control","Power Windows, Central Locking, Climate Control, Power Steering, Touchscreen Infotainment",161,319,36961,3,6,56.0,49.6,8.4,6.3,6.7,3.3,10,10.0
831,Tata,Altroz,VX,hatchback,2024,621748,Petrol,22.9,Automatic,5,800,87,118,4,"6 Airbags, ABS, EBD, ESP, Rear Parking Sensors, Hill Hold Control","Power Windows, Central Locking, Climate Control, Power Steering, Touchscreen Infotainment",160,276,21929,3,7,58.9,48.1,8.8,8.0,7.6,4.3,8,10.0
832,Tata,Tiago,EX,hatchback,2020,1152512,Petrol,23.1,Automatic,5,1000,75,108,4,"6 Airbags, ABS, EBD, ESP, 360 Camera, Hill Hold Control, TPMS","Automatic Climate Control, Touchscreen Infotainment, Wireless Charging, Cruise Control, Sunroof",169,352,40313,5,9,61.5,41.9,8.6,6.4,7.7,3.8,8,10.0
833,Tata,Tiago,Top,hatchback,2024,581984,Petrol,20.3,CVT,5,1200,76,103,5,"Dual Airbags, ABS, EBD","Power Windows, Central Locking",163,322,20168,5,10,68.0,41.4,9.7,6.9,6.8,3.8,10,4.0
834,Kia,Sonet,Top,suv,2025,1127038,Petrol,20.8,CVT,5,2200,154,203,5,"6 Airbags, ABS, EBD, ESP, Rear Parking Sensors, Hill Hold Control","Power Windows, Central Locking, Climate Control, Power Steering, Touchscreen Infotainment",183,201,30381,3,6,63.1,42.9,6.8,9.7,6.9,7.7,10,10.0
835,Maruti Suzuki,Brezza,ZX,suv,2024,3472101,Diesel,19.2,Automatic,7,2000,170,239,5,"6 Airbags, ABS, EBD, ESP, 360 Camera, ADAS, Hill Hold Control, TPMS, Electronic Stability Control","Dual Zone Climate Control, 10-inch Touchscreen, Wireless Charging, Ventilated Seats, Panoramic Sunroof, Premium Sound System",219,243,115272,5,5,55.9,46.0,7.4,8.3,6.4,8.5,10,12.0
836,MG,Hector Plus,LX,mpv,2021,1834162,Petrol,18.7,Manual,8,1600,161,212,5,"6 Airbags, ABS, EBD, ESP, 360 Camera, Hill Hold Control, TPMS","Power Windows, Central Locking, Climate Control, Power Steering, Touchscreen Infotainment",185,338,70176,4,8,61.8,43.7,7.1,9.9,6.2,8.1,10,10.0
837,Hyundai,i10,LX,hatchback,2020,620917,Petrol,18.1,Manual,5,1200,98,122,4,"Dual Airbags, ABS, EBD, Rear Parking Sensors","Power Windows, Central Locking, Climate Control, Power Steering, Touchscreen Infotainment",165,368,21572,5,9,62.2,50.6,9.5,7.9,6.0,4.9,8,10.0
838,Maruti Suzuki,XL6,SX,mpv,2021,3086470,Petrol,19.8,Automatic,8,1600,100,139,5,"6 Airbags, ABS, EBD, ESP, 360 Camera, ADAS, Hill Hold Control, TPMS, Electronic Stability Control","Dual Zone Climate Control, 10-inch Touchscreen, Wireless Charging, Ventilated Seats, Panoramic Sunroof, Premium Sound System",181,225,114588,4,5,64.3,47.0,6.9,8.8,6.6,5.0,10,12.0
839,MG,Comet EV,EX,hatchback,2022,1678499,Electric,415.9,Automatic,5,0,218,306,4,"6 Airbags, ABS, EBD, ESP, 360 Camera, Hill Hold Control, TPMS","Power Windows, Central Locking, Climate Control, Power Steering, Touchscreen Infotainment",160,288,57119,4,10,69.3,46.0,8.8,6.3,10.0,10.0,8,10.0
840,Toyota,Glanza,ZX,hatchback,2024,1211428,Petrol,15.7,CVT,7,1000,80,101,4,"6 Airbags, ABS, EBD, ESP, 360 Camera, Hill Hold Control, TPMS","Power Windows, Central Locking, Climate Control, Power Steering, Touchscreen Infotainment",174,326,45709,5,5,61.7,49.4,8.3,7.2,5.2,4.0,8,10.0
841,Kia,Sonet,SX,suv,2021,878726,Petrol,12.3,Automatic,7,2200,139,195,4,"6 Airbags, ABS, EBD, ESP, Rear Parking Sensors, Hill Hold Control","Power Windows, Central Locking, Climate Control, Power Steering, Touchscreen Infotainment",205,270,18897,5,9,67.0,52.7,6.2,8.9,4.1,6.9,8,10.0
842,Renault,Kiger,EX,suv,2022,1995065,Diesel,22.4,Manual,7,2500,168,203,4,"6 Airbags, ABS, EBD, ESP, Rear Parking Sensors, Hill Hold Control","Power Windows, Central Locking, Climate Control, Power Steering, Touchscreen Infotainment",220,331,72069,3,6,56.8,53.3,6.1,8.8,7.5,8.4,8,10.0
